"product_attribute_id","scrape_product_attribute_id","product_attribute_key","product_attribute_value","created_by","updated_by","createdAt","updatedAt","deletedAt","product_id"
1351,31941,跨境包裹重量,"0.7kg",,,2024-04-24 16:41:45.265 +0800,2024-04-24 16:41:45.265 +0800,,18
1352,31942,单位重量,"0.7kg",,,2024-04-24 16:41:45.265 +0800,2024-04-24 16:41:45.265 +0800,,18
1353,31943,品牌,自主品牌,,,2024-04-24 16:41:45.265 +0800,2024-04-24 16:41:45.265 +0800,,18
1354,31944,货号,a-01,,,2024-04-24 16:41:45.265 +0800,2024-04-24 16:41:45.265 +0800,,18
1355,31945,样式,大肚杯,,,2024-04-24 16:41:45.265 +0800,2024-04-24 16:41:45.265 +0800,,18
1356,31946,内胆材质,"304不锈钢",,,2024-04-24 16:41:45.265 +0800,2024-04-24 16:41:45.265 +0800,,18
1357,31947,外壳材质,"201不锈钢",,,2024-04-24 16:41:45.265 +0800,2024-04-24 16:41:45.265 +0800,,18
1358,31948,保温性能,"6-12小时",,,2024-04-24 16:41:45.265 +0800,2024-04-24 16:41:45.265 +0800,,18
1359,31949,材质,内304外201,,,2024-04-24 16:41:45.265 +0800,2024-04-24 16:41:45.265 +0800,,18
1360,31950,风格,户外,,,2024-04-24 16:41:45.265 +0800,2024-04-24 16:41:45.265 +0800,,18
1361,31951,功能,"常规,家用",,,2024-04-24 16:41:45.265 +0800,2024-04-24 16:41:45.265 +0800,,18
1362,31952,是否进口,否,,,2024-04-24 16:41:45.265 +0800,2024-04-24 16:41:45.265 +0800,,18
1363,31953,是否有专利,否,,,2024-04-24 16:41:45.265 +0800,2024-04-24 16:41:45.265 +0800,,18
1364,31954,是否跨境出口专供货源,是,,,2024-04-24 16:41:45.265 +0800,2024-04-24 16:41:45.265 +0800,,18
1365,31955,版权,无,,,2024-04-24 16:41:45.265 +0800,2024-04-24 16:41:45.265 +0800,,18
1366,31956,是否属于礼品,是，商务礼品,,,2024-04-24 16:41:45.265 +0800,2024-04-24 16:41:45.265 +0800,,18
1367,31957,送礼用途,"积分换购礼品,商务礼品,广告礼品,促销赠品,会议礼品,福利礼品,节庆礼品,嘉奖纪念,公关礼品",,,2024-04-24 16:41:45.265 +0800,2024-04-24 16:41:45.265 +0800,,18
1368,31958,适用节日,"教师节,元旦,七夕,万圣节,复活节,国庆节,儿童节,妇女节,其他",,,2024-04-24 16:41:45.265 +0800,2024-04-24 16:41:45.265 +0800,,18
1369,31959,适用送礼关系,"晚辈,情侣,夫妻,同事,朋友,长辈,孩子,同学,恩师,其他",,,2024-04-24 16:41:45.265 +0800,2024-04-24 16:41:45.265 +0800,,18
1370,31960,适用送礼场合,"派对聚会,探病慰问,其他",,,2024-04-24 16:41:45.265 +0800,2024-04-24 16:41:45.265 +0800,,18
1371,31961,产品上市时间,"2018",,,2024-04-24 16:41:45.265 +0800,2024-04-24 16:41:45.265 +0800,,18
1372,31962,产品质量等级,一等品,,,2024-04-24 16:41:45.265 +0800,2024-04-24 16:41:45.265 +0800,,18
1373,31963,适用人群,"女士,男士,儿童,情侣,通用,老年,学生",,,2024-04-24 16:41:45.265 +0800,2024-04-24 16:41:45.265 +0800,,18
1374,31964,适用场景,"运动,婚庆,商务,家居,车载,通用,圣诞节,春节,办公室,户外,旅行,送礼,学校,其他节日",,,2024-04-24 16:41:45.265 +0800,2024-04-24 16:41:45.265 +0800,,18
1375,31965,是否有第三方检测报告,没有,,,2024-04-24 16:41:45.265 +0800,2024-04-24 16:41:45.265 +0800,,18
1376,31966,包装规格,咨询客服,,,2024-04-24 16:41:45.265 +0800,2024-04-24 16:41:45.265 +0800,,18
1377,31967,价格段,"10-20元",,,2024-04-24 16:41:45.265 +0800,2024-04-24 16:41:45.265 +0800,,18
1378,31968,加工定制,否,,,2024-04-24 16:41:45.265 +0800,2024-04-24 16:41:45.265 +0800,,18
1379,31969,加印LOGO,可以,,,2024-04-24 16:41:45.265 +0800,2024-04-24 16:41:45.265 +0800,,18
1380,31970,颜色,"不锈钢杯体,本色  喷漆  平盖,本色  喷漆  滑盖,黑色  喷漆  平盖,黑色  喷漆  滑盖,粉色  喷漆  平盖,粉色  喷漆  滑盖,粉色  喷漆  平盖1,粉色  喷漆  滑盖1,黑色  喷漆  平盖1,黑色  喷漆  滑盖1,蓝色  喷漆  平盖,蓝色  喷漆  滑盖,玫瑰金 喷漆  平盖1,玫瑰金  喷漆  滑盖1,白色  喷漆  平盖,白色  喷漆  滑盖,亮白色  喷漆  平盖1,白色  喷塑  滑盖1,红色  喷塑,蓝色  喷塑,粉色  喷塑,白色  喷塑,橙色  喷塑,紫色  喷塑,深紫色  喷塑,彩虹漆 渐变紫,彩虹漆 渐变蓝,玫瑰金  喷漆 平盖,玫瑰金  喷漆  滑盖",,,2024-04-24 16:41:45.265 +0800,2024-04-24 16:41:45.265 +0800,,18
1381,31971,容量,"12oz",,,2024-04-24 16:41:45.265 +0800,2024-04-24 16:41:45.265 +0800,,18
1506,31972,跨境包裹重量,"0.7kg",,,2024-04-24 16:46:11.034 +0800,2024-04-24 16:46:11.034 +0800,,18
1507,31973,单位重量,"0.7kg",,,2024-04-24 16:46:11.034 +0800,2024-04-24 16:46:11.034 +0800,,18
1508,31974,品牌,自主品牌,,,2024-04-24 16:46:11.034 +0800,2024-04-24 16:46:11.034 +0800,,18
1509,31975,货号,a-01,,,2024-04-24 16:46:11.034 +0800,2024-04-24 16:46:11.034 +0800,,18
1510,31976,样式,大肚杯,,,2024-04-24 16:46:11.034 +0800,2024-04-24 16:46:11.034 +0800,,18
1511,31977,内胆材质,"304不锈钢",,,2024-04-24 16:46:11.034 +0800,2024-04-24 16:46:11.034 +0800,,18
1512,31978,外壳材质,"201不锈钢",,,2024-04-24 16:46:11.034 +0800,2024-04-24 16:46:11.034 +0800,,18
1513,31979,保温性能,"6-12小时",,,2024-04-24 16:46:11.034 +0800,2024-04-24 16:46:11.034 +0800,,18
1514,31980,材质,内304外201,,,2024-04-24 16:46:11.034 +0800,2024-04-24 16:46:11.034 +0800,,18
1515,31981,风格,户外,,,2024-04-24 16:46:11.034 +0800,2024-04-24 16:46:11.034 +0800,,18
1516,31982,功能,"常规,家用",,,2024-04-24 16:46:11.034 +0800,2024-04-24 16:46:11.034 +0800,,18
1517,31983,是否进口,否,,,2024-04-24 16:46:11.034 +0800,2024-04-24 16:46:11.034 +0800,,18
1518,31984,是否有专利,否,,,2024-04-24 16:46:11.034 +0800,2024-04-24 16:46:11.034 +0800,,18
1519,31985,是否跨境出口专供货源,是,,,2024-04-24 16:46:11.034 +0800,2024-04-24 16:46:11.034 +0800,,18
1520,31986,版权,无,,,2024-04-24 16:46:11.034 +0800,2024-04-24 16:46:11.034 +0800,,18
1521,31987,是否属于礼品,是，商务礼品,,,2024-04-24 16:46:11.034 +0800,2024-04-24 16:46:11.034 +0800,,18
1522,31988,送礼用途,"积分换购礼品,商务礼品,广告礼品,促销赠品,会议礼品,福利礼品,节庆礼品,嘉奖纪念,公关礼品",,,2024-04-24 16:46:11.034 +0800,2024-04-24 16:46:11.034 +0800,,18
1523,31989,适用节日,"教师节,元旦,七夕,万圣节,复活节,国庆节,儿童节,妇女节,其他",,,2024-04-24 16:46:11.034 +0800,2024-04-24 16:46:11.034 +0800,,18
1524,31990,适用送礼关系,"晚辈,情侣,夫妻,同事,朋友,长辈,孩子,同学,恩师,其他",,,2024-04-24 16:46:11.034 +0800,2024-04-24 16:46:11.034 +0800,,18
1525,31991,适用送礼场合,"派对聚会,探病慰问,其他",,,2024-04-24 16:46:11.034 +0800,2024-04-24 16:46:11.034 +0800,,18
1526,31992,产品上市时间,"2018",,,2024-04-24 16:46:11.034 +0800,2024-04-24 16:46:11.034 +0800,,18
1527,31993,产品质量等级,一等品,,,2024-04-24 16:46:11.034 +0800,2024-04-24 16:46:11.034 +0800,,18
1528,31994,适用人群,"女士,男士,儿童,情侣,通用,老年,学生",,,2024-04-24 16:46:11.034 +0800,2024-04-24 16:46:11.034 +0800,,18
1529,31995,适用场景,"运动,婚庆,商务,家居,车载,通用,圣诞节,春节,办公室,户外,旅行,送礼,学校,其他节日",,,2024-04-24 16:46:11.034 +0800,2024-04-24 16:46:11.034 +0800,,18
1530,31996,是否有第三方检测报告,没有,,,2024-04-24 16:46:11.034 +0800,2024-04-24 16:46:11.034 +0800,,18
1531,31997,包装规格,咨询客服,,,2024-04-24 16:46:11.034 +0800,2024-04-24 16:46:11.034 +0800,,18
1532,31998,价格段,"10-20元",,,2024-04-24 16:46:11.034 +0800,2024-04-24 16:46:11.034 +0800,,18
1533,31999,加工定制,否,,,2024-04-24 16:46:11.034 +0800,2024-04-24 16:46:11.034 +0800,,18
1534,32000,加印LOGO,可以,,,2024-04-24 16:46:11.034 +0800,2024-04-24 16:46:11.034 +0800,,18
1535,32001,颜色,"不锈钢杯体,本色  喷漆  平盖,本色  喷漆  滑盖,黑色  喷漆  平盖,黑色  喷漆  滑盖,粉色  喷漆  平盖,粉色  喷漆  滑盖,粉色  喷漆  平盖1,粉色  喷漆  滑盖1,黑色  喷漆  平盖1,黑色  喷漆  滑盖1,蓝色  喷漆  平盖,蓝色  喷漆  滑盖,玫瑰金 喷漆  平盖1,玫瑰金  喷漆  滑盖1,白色  喷漆  平盖,白色  喷漆  滑盖,亮白色  喷漆  平盖1,白色  喷塑  滑盖1,红色  喷塑,蓝色  喷塑,粉色  喷塑,白色  喷塑,橙色  喷塑,紫色  喷塑,深紫色  喷塑,彩虹漆 渐变紫,彩虹漆 渐变蓝,玫瑰金  喷漆 平盖,玫瑰金  喷漆  滑盖",,,2024-04-24 16:46:11.034 +0800,2024-04-24 16:46:11.034 +0800,,18
1536,32002,容量,"12oz",,,2024-04-24 16:46:11.034 +0800,2024-04-24 16:46:11.034 +0800,,18
1537,32003,单位重量,"0.01kg",,,2024-04-24 16:49:44.386 +0800,2024-04-24 16:49:44.386 +0800,,19
1538,32004,品牌,无,,,2024-04-24 16:49:44.386 +0800,2024-04-24 16:49:44.386 +0800,,19
1539,32005,壁厚,自拟,,,2024-04-24 16:49:44.386 +0800,2024-04-24 16:49:44.386 +0800,,19
1540,32006,宽度,可定制,,,2024-04-24 16:49:44.386 +0800,2024-04-24 16:49:44.386 +0800,,19
1541,32007,加工定制,是,,,2024-04-24 16:49:44.386 +0800,2024-04-24 16:49:44.386 +0800,,19
1542,32008,是否跨境出口专供货源,否,,,2024-04-24 16:49:44.386 +0800,2024-04-24 16:49:44.386 +0800,,19
1543,32009,高度,可定制,,,2024-04-24 16:49:44.386 +0800,2024-04-24 16:49:44.386 +0800,,19
1544,32010,货号,"0000",,,2024-04-24 16:49:44.386 +0800,2024-04-24 16:49:44.386 +0800,,19
1545,32011,适用送礼场合,婚庆,,,2024-04-24 16:49:44.386 +0800,2024-04-24 16:49:44.386 +0800,,19
1546,32012,日生产量,"10000000",,,2024-04-24 16:49:44.386 +0800,2024-04-24 16:49:44.386 +0800,,19
1547,32013,用途,通用包装,,,2024-04-24 16:49:44.386 +0800,2024-04-24 16:49:44.386 +0800,,19
1548,32014,内径,可按需定制,,,2024-04-24 16:49:44.386 +0800,2024-04-24 16:49:44.386 +0800,,19
1549,32015,是否有盖,有盖,,,2024-04-24 16:49:44.386 +0800,2024-04-24 16:49:44.386 +0800,,19
1550,32016,长度,可定制,,,2024-04-24 16:49:44.386 +0800,2024-04-24 16:49:44.386 +0800,,19
1551,32017,可否印LOG,可以,,,2024-04-24 16:49:44.386 +0800,2024-04-24 16:49:44.386 +0800,,19
1552,32018,产地,浙江,,,2024-04-24 16:49:44.386 +0800,2024-04-24 16:49:44.386 +0800,,19
1553,32019,塑料品种,PVC,,,2024-04-24 16:49:44.386 +0800,2024-04-24 16:49:44.386 +0800,,19
1554,32020,型号,"00159",,,2024-04-24 16:49:44.386 +0800,2024-04-24 16:49:44.386 +0800,,19
1555,32021,颜色,多色可选,,,2024-04-24 16:49:44.386 +0800,2024-04-24 16:49:44.386 +0800,,19
1556,32092,单位重量,"0.25kg",,,2024-04-24 17:06:54.045 +0800,2024-04-24 17:06:54.045 +0800,,20
1557,32093,是否进口,否,,,2024-04-24 17:06:54.045 +0800,2024-04-24 17:06:54.045 +0800,,20
1558,32094,品牌,香沐,,,2024-04-24 17:06:54.045 +0800,2024-04-24 17:06:54.045 +0800,,20
1559,32095,产地,浙江,,,2024-04-24 17:06:54.045 +0800,2024-04-24 17:06:54.045 +0800,,20
1560,32096,功能,空气清新,,,2024-04-24 17:06:54.045 +0800,2024-04-24 17:06:54.045 +0800,,20
1561,32097,香型,"满陇桂雨,茉莉心情,英国梨&小苍兰,香格里拉,迷雾森林,春日樱花,卡普里岛香橙,檀香夜曲",,,2024-04-24 17:06:54.045 +0800,2024-04-24 17:06:54.045 +0800,,20
1562,32098,货号,AL733018598220,,,2024-04-24 17:06:54.045 +0800,2024-04-24 17:06:54.045 +0800,,20
1563,32099,箱装数量,"144",,,2024-04-24 17:06:54.045 +0800,2024-04-24 17:06:54.045 +0800,,20
1564,32100,净含量,"磨砂黑50ml,珠光白50ml（g）",,,2024-04-24 17:06:54.045 +0800,2024-04-24 17:06:54.045 +0800,,20
1565,32101,是否跨境出口专供货源,否,,,2024-04-24 17:06:54.045 +0800,2024-04-24 17:06:54.045 +0800,,20
1566,32102,物理形态,液体,,,2024-04-24 17:06:54.045 +0800,2024-04-24 17:06:54.045 +0800,,20
1567,32103,产品类别,香薰,,,2024-04-24 17:06:54.045 +0800,2024-04-24 17:06:54.045 +0800,,20
1568,32104,时长,"30天-60天（天）",,,2024-04-24 17:06:54.045 +0800,2024-04-24 17:06:54.045 +0800,,20
1569,32105,调香师,国内,,,2024-04-24 17:06:54.045 +0800,2024-04-24 17:06:54.045 +0800,,20
1654,32165,货号,polin,,,2024-04-25 10:08:48.539 +0800,2024-04-25 10:08:48.539 +0800,,23
1655,32166,是否进口,否,,,2024-04-25 10:08:48.539 +0800,2024-04-25 10:08:48.539 +0800,,23
1656,32167,品牌,polin,,,2024-04-25 10:08:48.539 +0800,2024-04-25 10:08:48.539 +0800,,23
1657,32168,材质,不锈钢,,,2024-04-25 10:08:48.539 +0800,2024-04-25 10:08:48.539 +0800,,23
1658,32169,风格,西式,,,2024-04-25 10:08:48.539 +0800,2024-04-25 10:08:48.539 +0800,,23
1659,32170,加印LOGO,不可以,,,2024-04-25 10:08:48.539 +0800,2024-04-25 10:08:48.539 +0800,,23
1660,32171,特色,酒精炉,,,2024-04-25 10:08:48.539 +0800,2024-04-25 10:08:48.539 +0800,,23
1661,32172,外箱规格,咨询客服,,,2024-04-25 10:08:48.539 +0800,2024-04-25 10:08:48.539 +0800,,23
1662,32173,型号,polin11,,,2024-04-25 10:08:48.539 +0800,2024-04-25 10:08:48.539 +0800,,23
1663,32174,重量,咨询客服,,,2024-04-25 10:08:48.539 +0800,2024-04-25 10:08:48.539 +0800,,23
1664,32175,适用送礼场合,"节日,乔迁,展销会,广告促销,员工福利,周年庆典,商务馈赠,开业典礼,颁奖纪念,公关策划,其他",,,2024-04-25 10:08:48.539 +0800,2024-04-25 10:08:48.539 +0800,,23
1665,32176,包装,彩盒,,,2024-04-25 10:08:48.539 +0800,2024-04-25 10:08:48.539 +0800,,23
1666,32177,适用人数,"5",,,2024-04-25 10:08:48.539 +0800,2024-04-25 10:08:48.539 +0800,,23
1667,32178,产品上市时间,"2021年夏",,,2024-04-25 10:08:48.539 +0800,2024-04-25 10:08:48.539 +0800,,23
1668,32179,锅底材质,复合多层底,,,2024-04-25 10:08:48.539 +0800,2024-04-25 10:08:48.539 +0800,,23
1669,32180,价格段,"100-200元",,,2024-04-25 10:08:48.539 +0800,2024-04-25 10:08:48.539 +0800,,23
1670,32181,锅盖类型,钢盖,,,2024-04-25 10:08:48.539 +0800,2024-04-25 10:08:48.539 +0800,,23
1671,32182,深度,咨询客服,,,2024-04-25 10:08:48.539 +0800,2024-04-25 10:08:48.539 +0800,,23
1672,32183,加工定制,否,,,2024-04-25 10:08:48.539 +0800,2024-04-25 10:08:48.539 +0800,,23
1673,32184,适用炉灶,通用,,,2024-04-25 10:08:48.539 +0800,2024-04-25 10:08:48.539 +0800,,23
1674,32185,是否有专利,无,,,2024-04-25 10:08:48.539 +0800,2024-04-25 10:08:48.539 +0800,,23
1675,32186,套装配置,咨询客服,,,2024-04-25 10:08:48.539 +0800,2024-04-25 10:08:48.539 +0800,,23
1676,32187,颜色,"本色餐炉,金色餐炉",,,2024-04-25 10:08:48.539 +0800,2024-04-25 10:08:48.539 +0800,,23
1677,32188,规格,"4.5L,9.0L",,,2024-04-25 10:08:48.539 +0800,2024-04-25 10:08:48.539 +0800,,23
1678,32189,主要下游平台,LAZADA,,,2024-04-25 10:08:48.539 +0800,2024-04-25 10:08:48.539 +0800,,23
1679,32190,主要销售地区,"非洲,东南亚",,,2024-04-25 10:08:48.539 +0800,2024-04-25 10:08:48.539 +0800,,23
1680,32191,有可授权的自有品牌,否,,,2024-04-25 10:08:48.539 +0800,2024-04-25 10:08:48.539 +0800,,23
1681,32192,产品质量等级,合格品,,,2024-04-25 10:08:48.539 +0800,2024-04-25 10:08:48.539 +0800,,23
1682,32193,是否跨境出口专供货源,是,,,2024-04-25 10:08:48.539 +0800,2024-04-25 10:08:48.539 +0800,,23
4109,35786,货源类别,现货,,,2024-05-14 12:29:48.947 +0800,2024-05-14 12:29:48.947 +0800,,57
4110,35787,货号,AL741429916170,,,2024-05-14 12:29:48.947 +0800,2024-05-14 12:29:48.947 +0800,,57
4111,35788,上市年份/季节,"2023年秋季",,,2024-05-14 12:29:48.947 +0800,2024-05-14 12:29:48.947 +0800,,57
4112,35789,是否套装,否,,,2024-05-14 12:29:48.947 +0800,2024-05-14 12:29:48.947 +0800,,57
4113,35790,风格,无性别风,,,2024-05-14 12:29:48.947 +0800,2024-05-14 12:29:48.947 +0800,,57
4114,35791,款式,套头,,,2024-05-14 12:29:48.947 +0800,2024-05-14 12:29:48.947 +0800,,57
4115,35792,袖长,长袖,,,2024-05-14 12:29:48.947 +0800,2024-05-14 12:29:48.947 +0800,,57
4116,35793,是否连帽,不连帽,,,2024-05-14 12:29:48.947 +0800,2024-05-14 12:29:48.947 +0800,,57
4117,35794,厚薄,加绒,,,2024-05-14 12:29:48.947 +0800,2024-05-14 12:29:48.947 +0800,,57
4118,35795,适合季节,冬季,,,2024-05-14 12:29:48.947 +0800,2024-05-14 12:29:48.947 +0800,,57
4119,35796,是否库存,否,,,2024-05-14 12:29:48.947 +0800,2024-05-14 12:29:48.947 +0800,,57
4120,35797,主面料成分,醋酯纤维,,,2024-05-14 12:29:48.947 +0800,2024-05-14 12:29:48.947 +0800,,57
4121,35798,主面料成分的含量,"66.7",,,2024-05-14 12:29:48.947 +0800,2024-05-14 12:29:48.947 +0800,,57
4122,35799,面料名称,聚酯纤维,,,2024-05-14 12:29:48.947 +0800,2024-05-14 12:29:48.947 +0800,,57
4123,35800,适用场景,休闲,,,2024-05-14 12:29:48.947 +0800,2024-05-14 12:29:48.947 +0800,,57
4124,35801,图案,空白,,,2024-05-14 12:29:48.947 +0800,2024-05-14 12:29:48.947 +0800,,57
4125,35802,版型,直筒型,,,2024-05-14 12:29:48.947 +0800,2024-05-14 12:29:48.947 +0800,,57
4126,35803,工艺,无,,,2024-05-14 12:29:48.947 +0800,2024-05-14 12:29:48.947 +0800,,57
4127,35804,颜色,"白色,黑色,咖啡色,杏色,大红色,浅灰,铁灰,铁灰色",,,2024-05-14 12:29:48.947 +0800,2024-05-14 12:29:48.947 +0800,,57
4128,35805,尺码,"M,L,XL,XXL,XXXL,XXXXL",,,2024-05-14 12:29:48.947 +0800,2024-05-14 12:29:48.947 +0800,,57
4129,35806,原创设计货源,否,,,2024-05-14 12:29:48.947 +0800,2024-05-14 12:29:48.947 +0800,,57
4130,35807,有无质检报告,否,,,2024-05-14 12:29:48.947 +0800,2024-05-14 12:29:48.947 +0800,,57
4131,35808,克重,"350g(含)-400g(不含)",,,2024-05-14 12:29:48.947 +0800,2024-05-14 12:29:48.947 +0800,,57
4178,35809,货源类别,现货,,,2024-05-14 12:34:12.399 +0800,2024-05-14 12:34:12.399 +0800,,57
4179,35810,货号,AL741429916170,,,2024-05-14 12:34:12.399 +0800,2024-05-14 12:34:12.399 +0800,,57
4180,35811,上市年份/季节,"2023年秋季",,,2024-05-14 12:34:12.399 +0800,2024-05-14 12:34:12.399 +0800,,57
4181,35812,是否套装,否,,,2024-05-14 12:34:12.399 +0800,2024-05-14 12:34:12.399 +0800,,57
4182,35813,风格,无性别风,,,2024-05-14 12:34:12.399 +0800,2024-05-14 12:34:12.399 +0800,,57
4183,35814,款式,套头,,,2024-05-14 12:34:12.399 +0800,2024-05-14 12:34:12.399 +0800,,57
4184,35815,袖长,长袖,,,2024-05-14 12:34:12.399 +0800,2024-05-14 12:34:12.399 +0800,,57
4185,35816,是否连帽,不连帽,,,2024-05-14 12:34:12.399 +0800,2024-05-14 12:34:12.399 +0800,,57
4186,35817,厚薄,加绒,,,2024-05-14 12:34:12.399 +0800,2024-05-14 12:34:12.399 +0800,,57
4187,35818,适合季节,冬季,,,2024-05-14 12:34:12.399 +0800,2024-05-14 12:34:12.399 +0800,,57
4188,35819,是否库存,否,,,2024-05-14 12:34:12.399 +0800,2024-05-14 12:34:12.399 +0800,,57
4189,35820,主面料成分,醋酯纤维,,,2024-05-14 12:34:12.399 +0800,2024-05-14 12:34:12.399 +0800,,57
4190,35821,主面料成分的含量,"66.7",,,2024-05-14 12:34:12.399 +0800,2024-05-14 12:34:12.399 +0800,,57
4191,35822,面料名称,聚酯纤维,,,2024-05-14 12:34:12.399 +0800,2024-05-14 12:34:12.399 +0800,,57
4192,35823,适用场景,休闲,,,2024-05-14 12:34:12.399 +0800,2024-05-14 12:34:12.399 +0800,,57
4193,35824,图案,空白,,,2024-05-14 12:34:12.399 +0800,2024-05-14 12:34:12.399 +0800,,57
4194,35825,版型,直筒型,,,2024-05-14 12:34:12.399 +0800,2024-05-14 12:34:12.399 +0800,,57
4195,35826,工艺,无,,,2024-05-14 12:34:12.399 +0800,2024-05-14 12:34:12.399 +0800,,57
4196,35827,颜色,"白色,黑色,咖啡色,杏色,大红色,浅灰,铁灰,铁灰色",,,2024-05-14 12:34:12.399 +0800,2024-05-14 12:34:12.399 +0800,,57
4197,35828,尺码,"M,L,XL,XXL,XXXL,XXXXL",,,2024-05-14 12:34:12.399 +0800,2024-05-14 12:34:12.399 +0800,,57
4198,35829,原创设计货源,否,,,2024-05-14 12:34:12.399 +0800,2024-05-14 12:34:12.399 +0800,,57
4199,35830,有无质检报告,否,,,2024-05-14 12:34:12.399 +0800,2024-05-14 12:34:12.399 +0800,,57
4200,35831,克重,"350g(含)-400g(不含)",,,2024-05-14 12:34:12.399 +0800,2024-05-14 12:34:12.399 +0800,,57
4561,36087,跨境包裹重量,"40kg",,,2024-05-14 16:01:33.095 +0800,2024-05-14 16:01:33.095 +0800,,68
4562,36088,单位重量,"40kg",,,2024-05-14 16:01:33.095 +0800,2024-05-14 16:01:33.095 +0800,,68
4563,36089,品牌,俊客,,,2024-05-14 16:01:33.095 +0800,2024-05-14 16:01:33.095 +0800,,68
4564,36090,产品别名,商用投币咖啡机,,,2024-05-14 16:01:33.095 +0800,2024-05-14 16:01:33.095 +0800,,68
4565,36091,材质,冷扎板,,,2024-05-14 16:01:33.095 +0800,2024-05-14 16:01:33.095 +0800,,68
4566,36092,售后服务,"1年质保",,,2024-05-14 16:01:33.095 +0800,2024-05-14 16:01:33.095 +0800,,68
4567,36093,种类,商用全自动咖啡机,,,2024-05-14 16:01:33.095 +0800,2024-05-14 16:01:33.095 +0800,,68
4568,36094,产品名称,投币咖啡机   冷热咖啡机,,,2024-05-14 16:01:33.095 +0800,2024-05-14 16:01:33.095 +0800,,68
4569,36095,货号,JK-GTS204,,,2024-05-14 16:01:33.095 +0800,2024-05-14 16:01:33.095 +0800,,68
4570,36096,产品用途,经营、办公,,,2024-05-14 16:01:33.095 +0800,2024-05-14 16:01:33.095 +0800,,68
4571,36097,跨境包裹重量,"80kg",,,2024-05-14 16:02:33.674 +0800,2024-05-14 16:02:33.674 +0800,,69
4572,36098,单位重量,"80kg",,,2024-05-14 16:02:33.674 +0800,2024-05-14 16:02:33.674 +0800,,69
4573,36099,品牌,俊客,,,2024-05-14 16:02:33.674 +0800,2024-05-14 16:02:33.674 +0800,,69
4574,36100,产品别名,自助扫码咖啡机,,,2024-05-14 16:02:33.674 +0800,2024-05-14 16:02:33.674 +0800,,69
4575,36101,材质,冷轧板,,,2024-05-14 16:02:33.674 +0800,2024-05-14 16:02:33.674 +0800,,69
4576,36102,售后服务,"1年质保",,,2024-05-14 16:02:33.674 +0800,2024-05-14 16:02:33.674 +0800,,69
4577,36103,种类,自助咖啡机,,,2024-05-14 16:02:33.674 +0800,2024-05-14 16:02:33.674 +0800,,69
4578,36104,适用范围,室内外,,,2024-05-14 16:02:33.674 +0800,2024-05-14 16:02:33.674 +0800,,69
4579,36105,货号,GS505,,,2024-05-14 16:02:33.674 +0800,2024-05-14 16:02:33.674 +0800,,69
4580,36106,单位重量,"1kg",,,2024-05-14 16:07:22.053 +0800,2024-05-14 16:07:22.053 +0800,,70
4581,36107,品牌,其他,,,2024-05-14 16:07:22.053 +0800,2024-05-14 16:07:22.053 +0800,,70
4582,36108,货号,bhu0630-2,,,2024-05-14 16:07:22.053 +0800,2024-05-14 16:07:22.053 +0800,,70
4583,36109,颜色,"主机+萃茶杯,主机+沙冰杯,主机+奶盖杯,主机+雪克杯,主机+萃茶杯+沙冰杯,主机+萃茶杯+雪克杯,主机+萃茶杯+奶盖杯,主机+沙冰杯+雪克杯,主机+沙冰杯+奶盖杯,主机+雪克杯+奶盖杯",,,2024-05-14 16:07:22.053 +0800,2024-05-14 16:07:22.053 +0800,,70
4584,36110,单位重量,"10kg",,,2024-05-14 16:10:23.785 +0800,2024-05-14 16:10:23.785 +0800,,71
4585,36111,品牌,好夫人,,,2024-05-14 16:10:23.785 +0800,2024-05-14 16:10:23.785 +0800,,71
4586,36112,上市时间,"20160100",,,2024-05-14 16:10:23.785 +0800,2024-05-14 16:10:23.785 +0800,,71
4587,36113,功率,"2200（W）",,,2024-05-14 16:10:23.785 +0800,2024-05-14 16:10:23.785 +0800,,71
4588,36114,功能,榨汁,,,2024-05-14 16:10:23.785 +0800,2024-05-14 16:10:23.785 +0800,,71
4589,36115,容量,"3.8",,,2024-05-14 16:10:23.785 +0800,2024-05-14 16:10:23.785 +0800,,71
4590,36116,转速,"28000",,,2024-05-14 16:10:23.785 +0800,2024-05-14 16:10:23.785 +0800,,71
4591,36117,机身材质,塑料,,,2024-05-14 16:10:23.785 +0800,2024-05-14 16:10:23.785 +0800,,71
4592,36118,产品规格,"8002-38",,,2024-05-14 16:10:23.785 +0800,2024-05-14 16:10:23.785 +0800,,71
4593,36119,"3C证书编号","2014010713683524",,,2024-05-14 16:10:23.785 +0800,2024-05-14 16:10:23.785 +0800,,71
4594,36120,颜色,"黑,红色",,,2024-05-14 16:10:23.785 +0800,2024-05-14 16:10:23.785 +0800,,71
5929,37746,主面料成分的含量,"70",,,2024-05-15 14:23:21.341 +0800,2024-05-15 14:23:21.341 +0800,,84
5930,37747,面料名称,棉,,,2024-05-15 14:23:21.341 +0800,2024-05-15 14:23:21.341 +0800,,84
5931,37748,适用场景,休闲,,,2024-05-15 14:23:21.341 +0800,2024-05-15 14:23:21.341 +0800,,84
5932,37749,图案,纯色,,,2024-05-15 14:23:21.341 +0800,2024-05-15 14:23:21.341 +0800,,84
5933,37750,款式细节,罗纹底摆,,,2024-05-15 14:23:21.341 +0800,2024-05-15 14:23:21.341 +0800,,84
5934,37751,版型,宽松型,,,2024-05-15 14:23:21.341 +0800,2024-05-15 14:23:21.341 +0800,,84
5935,37752,工艺,压皱,,,2024-05-15 14:23:21.341 +0800,2024-05-15 14:23:21.341 +0800,,84
5936,37753,颜色,"白色,黑色,红色,黄色,粉红色,麻灰色,铁灰色,水绿色,雾霾蓝,卡其色,杏色,藏蓝色",,,2024-05-15 14:23:21.341 +0800,2024-05-15 14:23:21.341 +0800,,84
5937,37754,尺码,"M,L,XL,XXL,XXXL,XXXXL,XXXXXL",,,2024-05-15 14:23:21.341 +0800,2024-05-15 14:23:21.341 +0800,,84
5938,37755,适合人群,青少年,,,2024-05-15 14:23:21.341 +0800,2024-05-15 14:23:21.341 +0800,,84
5939,37756,是否跨境出口专供货源,否,,,2024-05-15 14:23:21.341 +0800,2024-05-15 14:23:21.341 +0800,,84
5940,37757,袖型,紧口,,,2024-05-15 14:23:21.341 +0800,2024-05-15 14:23:21.341 +0800,,84
5941,37758,口袋样式,无,,,2024-05-15 14:23:21.341 +0800,2024-05-15 14:23:21.341 +0800,,84
5942,37759,原创设计货源,否,,,2024-05-15 14:23:21.341 +0800,2024-05-15 14:23:21.341 +0800,,84
5943,37760,有无质检报告,否,,,2024-05-15 14:23:21.341 +0800,2024-05-15 14:23:21.341 +0800,,84
5944,37761,质检报告编号,/,,,2024-05-15 14:23:21.341 +0800,2024-05-15 14:23:21.341 +0800,,84
5945,37762,克重,"350g(含)-400g(不含)",,,2024-05-15 14:23:21.341 +0800,2024-05-15 14:23:21.341 +0800,,84
5946,37726,货源类别,现货,,,2024-05-15 14:23:21.341 +0800,2024-05-15 14:23:21.341 +0800,,84
5947,37727,品牌,柏臻服饰,,,2024-05-15 14:23:21.341 +0800,2024-05-15 14:23:21.341 +0800,,84
5948,37728,货号,BZ--072,,,2024-05-15 14:23:21.341 +0800,2024-05-15 14:23:21.341 +0800,,84
5949,37729,上市年份/季节,"2023年秋季",,,2024-05-15 14:23:21.341 +0800,2024-05-15 14:23:21.341 +0800,,84
5950,37730,是否套装,否,,,2024-05-15 14:23:21.341 +0800,2024-05-15 14:23:21.341 +0800,,84
5951,37731,风格,无性别风,,,2024-05-15 14:23:21.341 +0800,2024-05-15 14:23:21.341 +0800,,84
5952,37732,淘货类别,时尚都市（24-35岁）,,,2024-05-15 14:23:21.341 +0800,2024-05-15 14:23:21.341 +0800,,84
5953,37733,款式,套头,,,2024-05-15 14:23:21.341 +0800,2024-05-15 14:23:21.341 +0800,,84
5954,37734,有无内胆,有内胆,,,2024-05-15 14:23:21.341 +0800,2024-05-15 14:23:21.341 +0800,,84
5955,37735,内胆种类,毛内胆,,,2024-05-15 14:23:21.341 +0800,2024-05-15 14:23:21.341 +0800,,84
5956,37736,领型,无领,,,2024-05-15 14:23:21.341 +0800,2024-05-15 14:23:21.341 +0800,,84
5957,37737,领口形状,圆领,,,2024-05-15 14:23:21.341 +0800,2024-05-15 14:23:21.341 +0800,,84
5958,37738,袖长,长袖,,,2024-05-15 14:23:21.341 +0800,2024-05-15 14:23:21.341 +0800,,84
5959,37739,是否连帽,不连帽,,,2024-05-15 14:23:21.341 +0800,2024-05-15 14:23:21.341 +0800,,84
5960,37740,厚薄,加绒,,,2024-05-15 14:23:21.341 +0800,2024-05-15 14:23:21.341 +0800,,84
5961,37741,误差范围,"1-3cm",,,2024-05-15 14:23:21.341 +0800,2024-05-15 14:23:21.341 +0800,,84
5962,37742,适合季节,冬季,,,2024-05-15 14:23:21.341 +0800,2024-05-15 14:23:21.341 +0800,,84
5963,37743,是否库存,是,,,2024-05-15 14:23:21.341 +0800,2024-05-15 14:23:21.341 +0800,,84
5964,37744,库存类型,整单,,,2024-05-15 14:23:21.341 +0800,2024-05-15 14:23:21.341 +0800,,84
5965,37745,主面料成分,棉,,,2024-05-15 14:23:21.341 +0800,2024-05-15 14:23:21.341 +0800,,84
6114,37780,是否库存,是,,,2024-05-15 14:26:02.144 +0800,2024-05-15 14:26:02.144 +0800,,84
6115,37781,库存类型,整单,,,2024-05-15 14:26:02.144 +0800,2024-05-15 14:26:02.144 +0800,,84
6116,37782,主面料成分,棉,,,2024-05-15 14:26:02.144 +0800,2024-05-15 14:26:02.144 +0800,,84
6117,37783,主面料成分的含量,"70",,,2024-05-15 14:26:02.144 +0800,2024-05-15 14:26:02.144 +0800,,84
6118,37784,面料名称,棉,,,2024-05-15 14:26:02.144 +0800,2024-05-15 14:26:02.144 +0800,,84
6119,37785,适用场景,休闲,,,2024-05-15 14:26:02.144 +0800,2024-05-15 14:26:02.144 +0800,,84
6120,37786,图案,纯色,,,2024-05-15 14:26:02.144 +0800,2024-05-15 14:26:02.144 +0800,,84
6121,37787,款式细节,罗纹底摆,,,2024-05-15 14:26:02.144 +0800,2024-05-15 14:26:02.144 +0800,,84
6122,37788,版型,宽松型,,,2024-05-15 14:26:02.144 +0800,2024-05-15 14:26:02.144 +0800,,84
6123,37789,工艺,压皱,,,2024-05-15 14:26:02.144 +0800,2024-05-15 14:26:02.144 +0800,,84
6124,37790,颜色,"白色,黑色,红色,黄色,粉红色,麻灰色,铁灰色,水绿色,雾霾蓝,卡其色,杏色,藏蓝色",,,2024-05-15 14:26:02.144 +0800,2024-05-15 14:26:02.144 +0800,,84
6125,37791,尺码,"M,L,XL,XXL,XXXL,XXXXL,XXXXXL",,,2024-05-15 14:26:02.144 +0800,2024-05-15 14:26:02.144 +0800,,84
6126,37792,适合人群,青少年,,,2024-05-15 14:26:02.144 +0800,2024-05-15 14:26:02.144 +0800,,84
6127,37793,是否跨境出口专供货源,否,,,2024-05-15 14:26:02.144 +0800,2024-05-15 14:26:02.144 +0800,,84
6128,37794,袖型,紧口,,,2024-05-15 14:26:02.144 +0800,2024-05-15 14:26:02.144 +0800,,84
6129,37795,口袋样式,无,,,2024-05-15 14:26:02.144 +0800,2024-05-15 14:26:02.144 +0800,,84
6130,37796,原创设计货源,否,,,2024-05-15 14:26:02.144 +0800,2024-05-15 14:26:02.144 +0800,,84
6131,37797,有无质检报告,否,,,2024-05-15 14:26:02.144 +0800,2024-05-15 14:26:02.144 +0800,,84
6132,37798,质检报告编号,/,,,2024-05-15 14:26:02.144 +0800,2024-05-15 14:26:02.144 +0800,,84
6133,37799,克重,"350g(含)-400g(不含)",,,2024-05-15 14:26:02.144 +0800,2024-05-15 14:26:02.144 +0800,,84
6134,37763,货源类别,现货,,,2024-05-15 14:26:02.144 +0800,2024-05-15 14:26:02.144 +0800,,84
6135,37764,品牌,柏臻服饰,,,2024-05-15 14:26:02.144 +0800,2024-05-15 14:26:02.144 +0800,,84
6136,37765,货号,BZ--072,,,2024-05-15 14:26:02.144 +0800,2024-05-15 14:26:02.144 +0800,,84
6137,37766,上市年份/季节,"2023年秋季",,,2024-05-15 14:26:02.144 +0800,2024-05-15 14:26:02.144 +0800,,84
6138,37767,是否套装,否,,,2024-05-15 14:26:02.144 +0800,2024-05-15 14:26:02.144 +0800,,84
6139,37768,风格,无性别风,,,2024-05-15 14:26:02.144 +0800,2024-05-15 14:26:02.144 +0800,,84
6140,37769,淘货类别,时尚都市（24-35岁）,,,2024-05-15 14:26:02.144 +0800,2024-05-15 14:26:02.144 +0800,,84
6141,37770,款式,套头,,,2024-05-15 14:26:02.144 +0800,2024-05-15 14:26:02.144 +0800,,84
6142,37771,有无内胆,有内胆,,,2024-05-15 14:26:02.144 +0800,2024-05-15 14:26:02.144 +0800,,84
6143,37772,内胆种类,毛内胆,,,2024-05-15 14:26:02.144 +0800,2024-05-15 14:26:02.144 +0800,,84
6144,37773,领型,无领,,,2024-05-15 14:26:02.144 +0800,2024-05-15 14:26:02.144 +0800,,84
6145,37774,领口形状,圆领,,,2024-05-15 14:26:02.144 +0800,2024-05-15 14:26:02.144 +0800,,84
6146,37775,袖长,长袖,,,2024-05-15 14:26:02.144 +0800,2024-05-15 14:26:02.144 +0800,,84
6147,37776,是否连帽,不连帽,,,2024-05-15 14:26:02.144 +0800,2024-05-15 14:26:02.144 +0800,,84
6148,37777,厚薄,加绒,,,2024-05-15 14:26:02.144 +0800,2024-05-15 14:26:02.144 +0800,,84
6149,37778,误差范围,"1-3cm",,,2024-05-15 14:26:02.144 +0800,2024-05-15 14:26:02.144 +0800,,84
6150,37779,适合季节,冬季,,,2024-05-15 14:26:02.144 +0800,2024-05-15 14:26:02.144 +0800,,84
6262,37819,主面料成分,棉,,,2024-05-15 14:26:34.249 +0800,2024-05-15 14:26:34.249 +0800,,84
6263,37820,主面料成分的含量,"70",,,2024-05-15 14:26:34.249 +0800,2024-05-15 14:26:34.249 +0800,,84
6264,37821,面料名称,棉,,,2024-05-15 14:26:34.249 +0800,2024-05-15 14:26:34.249 +0800,,84
6265,37822,适用场景,休闲,,,2024-05-15 14:26:34.249 +0800,2024-05-15 14:26:34.249 +0800,,84
6266,37823,图案,纯色,,,2024-05-15 14:26:34.249 +0800,2024-05-15 14:26:34.249 +0800,,84
6267,37824,款式细节,罗纹底摆,,,2024-05-15 14:26:34.249 +0800,2024-05-15 14:26:34.249 +0800,,84
6268,37825,版型,宽松型,,,2024-05-15 14:26:34.249 +0800,2024-05-15 14:26:34.249 +0800,,84
6269,37826,工艺,压皱,,,2024-05-15 14:26:34.249 +0800,2024-05-15 14:26:34.249 +0800,,84
6270,37827,颜色,"白色,黑色,红色,黄色,粉红色,麻灰色,铁灰色,水绿色,雾霾蓝,卡其色,杏色,藏蓝色",,,2024-05-15 14:26:34.249 +0800,2024-05-15 14:26:34.249 +0800,,84
6271,37828,尺码,"M,L,XL,XXL,XXXL,XXXXL,XXXXXL",,,2024-05-15 14:26:34.249 +0800,2024-05-15 14:26:34.249 +0800,,84
6272,37829,适合人群,青少年,,,2024-05-15 14:26:34.249 +0800,2024-05-15 14:26:34.249 +0800,,84
6273,37830,是否跨境出口专供货源,否,,,2024-05-15 14:26:34.249 +0800,2024-05-15 14:26:34.249 +0800,,84
6274,37831,袖型,紧口,,,2024-05-15 14:26:34.249 +0800,2024-05-15 14:26:34.249 +0800,,84
6275,37832,口袋样式,无,,,2024-05-15 14:26:34.249 +0800,2024-05-15 14:26:34.249 +0800,,84
6276,37833,原创设计货源,否,,,2024-05-15 14:26:34.249 +0800,2024-05-15 14:26:34.249 +0800,,84
6277,37834,有无质检报告,否,,,2024-05-15 14:26:34.249 +0800,2024-05-15 14:26:34.249 +0800,,84
6278,37800,货源类别,现货,,,2024-05-15 14:26:34.249 +0800,2024-05-15 14:26:34.249 +0800,,84
6279,37801,品牌,柏臻服饰,,,2024-05-15 14:26:34.249 +0800,2024-05-15 14:26:34.249 +0800,,84
6280,37802,货号,BZ--072,,,2024-05-15 14:26:34.249 +0800,2024-05-15 14:26:34.249 +0800,,84
6281,37803,上市年份/季节,"2023年秋季",,,2024-05-15 14:26:34.249 +0800,2024-05-15 14:26:34.249 +0800,,84
6282,37804,是否套装,否,,,2024-05-15 14:26:34.249 +0800,2024-05-15 14:26:34.249 +0800,,84
6283,37805,风格,无性别风,,,2024-05-15 14:26:34.249 +0800,2024-05-15 14:26:34.249 +0800,,84
6284,37806,淘货类别,时尚都市（24-35岁）,,,2024-05-15 14:26:34.249 +0800,2024-05-15 14:26:34.249 +0800,,84
6285,37807,款式,套头,,,2024-05-15 14:26:34.249 +0800,2024-05-15 14:26:34.249 +0800,,84
6286,37808,有无内胆,有内胆,,,2024-05-15 14:26:34.249 +0800,2024-05-15 14:26:34.249 +0800,,84
6287,37809,内胆种类,毛内胆,,,2024-05-15 14:26:34.249 +0800,2024-05-15 14:26:34.249 +0800,,84
6288,37810,领型,无领,,,2024-05-15 14:26:34.249 +0800,2024-05-15 14:26:34.249 +0800,,84
6289,37811,领口形状,圆领,,,2024-05-15 14:26:34.249 +0800,2024-05-15 14:26:34.249 +0800,,84
6290,37812,袖长,长袖,,,2024-05-15 14:26:34.249 +0800,2024-05-15 14:26:34.249 +0800,,84
6291,37813,是否连帽,不连帽,,,2024-05-15 14:26:34.249 +0800,2024-05-15 14:26:34.249 +0800,,84
6292,37814,厚薄,加绒,,,2024-05-15 14:26:34.249 +0800,2024-05-15 14:26:34.249 +0800,,84
6293,37815,误差范围,"1-3cm",,,2024-05-15 14:26:34.249 +0800,2024-05-15 14:26:34.249 +0800,,84
6294,37816,适合季节,冬季,,,2024-05-15 14:26:34.249 +0800,2024-05-15 14:26:34.249 +0800,,84
6295,37817,是否库存,是,,,2024-05-15 14:26:34.249 +0800,2024-05-15 14:26:34.249 +0800,,84
6296,37818,库存类型,整单,,,2024-05-15 14:26:34.249 +0800,2024-05-15 14:26:34.249 +0800,,84
6297,37835,质检报告编号,/,,,2024-05-15 14:26:34.249 +0800,2024-05-15 14:26:34.249 +0800,,84
6298,37836,克重,"350g(含)-400g(不含)",,,2024-05-15 14:26:34.249 +0800,2024-05-15 14:26:34.249 +0800,,84
6336,37837,跨境包裹重量,"23kg",,,2024-05-15 14:45:17.897 +0800,2024-05-15 14:45:17.897 +0800,,85
6337,37838,单位重量,"20kg",,,2024-05-15 14:45:17.897 +0800,2024-05-15 14:45:17.897 +0800,,85
6338,37839,货源类别,现货,,,2024-05-15 14:45:17.897 +0800,2024-05-15 14:45:17.897 +0800,,85
6339,37840,品牌,柏臻服饰,,,2024-05-15 14:45:17.897 +0800,2024-05-15 14:45:17.897 +0800,,85
6340,37841,货号,BZ--X05,,,2024-05-15 14:45:17.897 +0800,2024-05-15 14:45:17.897 +0800,,85
6341,37842,上市年份/季节,"2023年冬季",,,2024-05-15 14:45:17.897 +0800,2024-05-15 14:45:17.897 +0800,,85
6342,37843,是否套装,否,,,2024-05-15 14:45:17.897 +0800,2024-05-15 14:45:17.897 +0800,,85
6343,37844,风格,简约,,,2024-05-15 14:45:17.897 +0800,2024-05-15 14:45:17.897 +0800,,85
6344,37845,淘货类别,青春流行（18-24岁）,,,2024-05-15 14:45:17.897 +0800,2024-05-15 14:45:17.897 +0800,,85
6345,37846,款式,套头,,,2024-05-15 14:45:17.897 +0800,2024-05-15 14:45:17.897 +0800,,85
6346,37847,有无内胆,无内胆,,,2024-05-15 14:45:17.897 +0800,2024-05-15 14:45:17.897 +0800,,85
6347,37848,领型,无领,,,2024-05-15 14:45:17.897 +0800,2024-05-15 14:45:17.897 +0800,,85
6348,37849,领口形状,圆领,,,2024-05-15 14:45:17.897 +0800,2024-05-15 14:45:17.897 +0800,,85
6349,37850,袖长,长袖,,,2024-05-15 14:45:17.897 +0800,2024-05-15 14:45:17.897 +0800,,85
6350,37851,是否连帽,连帽,,,2024-05-15 14:45:17.897 +0800,2024-05-15 14:45:17.897 +0800,,85
6351,37852,门襟,无,,,2024-05-15 14:45:17.897 +0800,2024-05-15 14:45:17.897 +0800,,85
6352,37853,厚薄,加绒,,,2024-05-15 14:45:17.897 +0800,2024-05-15 14:45:17.897 +0800,,85
6353,37854,误差范围,"1-2cm",,,2024-05-15 14:45:17.897 +0800,2024-05-15 14:45:17.897 +0800,,85
6354,37855,适合季节,冬季,,,2024-05-15 14:45:17.897 +0800,2024-05-15 14:45:17.897 +0800,,85
6355,37856,是否库存,是,,,2024-05-15 14:45:17.897 +0800,2024-05-15 14:45:17.897 +0800,,85
6356,37857,库存类型,整单,,,2024-05-15 14:45:17.897 +0800,2024-05-15 14:45:17.897 +0800,,85
6357,37858,主面料成分,棉,,,2024-05-15 14:45:17.897 +0800,2024-05-15 14:45:17.897 +0800,,85
6358,37859,主面料成分的含量,"65",,,2024-05-15 14:45:17.897 +0800,2024-05-15 14:45:17.897 +0800,,85
6359,37860,面料名称,棉,,,2024-05-15 14:45:17.897 +0800,2024-05-15 14:45:17.897 +0800,,85
6360,37861,适用场景,休闲,,,2024-05-15 14:45:17.897 +0800,2024-05-15 14:45:17.897 +0800,,85
6361,37862,图案,纯色,,,2024-05-15 14:45:17.897 +0800,2024-05-15 14:45:17.897 +0800,,85
6362,37863,款式细节,罗纹底摆,,,2024-05-15 14:45:17.897 +0800,2024-05-15 14:45:17.897 +0800,,85
6363,37864,版型,宽松型,,,2024-05-15 14:45:17.897 +0800,2024-05-15 14:45:17.897 +0800,,85
6364,37865,工艺,印花/印染,,,2024-05-15 14:45:17.897 +0800,2024-05-15 14:45:17.897 +0800,,85
6365,37866,服装口袋样式,立体贴袋,,,2024-05-15 14:45:17.897 +0800,2024-05-15 14:45:17.897 +0800,,85
6366,37867,颜色,"白色【加绒款】,黑色【加绒款】,铁灰色【加绒款】,卡其色【加绒款】,麻灰色【加绒款】,雾霾蓝【加绒款】,皮粉色【加绒款】,姜黄色【加绒款】,牛仔蓝【加绒款】,大红色【加绒款】,中紫【加绒款】,橘黄色【加绒款】,砖红色【加绒款】,深红色【加绒款】,克莱因蓝,藏蓝色【加绒款】,浅绿色【加绒款】,翠绿色【加绒款】,艳蓝色,【加绒款】",,,2024-05-15 14:45:17.897 +0800,2024-05-15 14:45:17.897 +0800,,85
6367,37868,尺码,"M,L,XL,XXL,XXXL,XXXXL,XXXXXL",,,2024-05-15 14:45:17.897 +0800,2024-05-15 14:45:17.897 +0800,,85
6368,37869,适合人群,青少年,,,2024-05-15 14:45:17.897 +0800,2024-05-15 14:45:17.897 +0800,,85
6369,37870,是否跨境出口专供货源,否,,,2024-05-15 14:45:17.897 +0800,2024-05-15 14:45:17.897 +0800,,85
6370,37871,袖型,长袖,,,2024-05-15 14:45:17.897 +0800,2024-05-15 14:45:17.897 +0800,,85
6371,37872,口袋样式,无,,,2024-05-15 14:45:17.897 +0800,2024-05-15 14:45:17.897 +0800,,85
6372,37873,原创设计货源,是,,,2024-05-15 14:45:17.897 +0800,2024-05-15 14:45:17.897 +0800,,85
6373,37874,有无质检报告,是,,,2024-05-15 14:45:17.897 +0800,2024-05-15 14:45:17.897 +0800,,85
6374,37875,克重,"351g(含)-400g(不含)",,,2024-05-15 14:45:17.897 +0800,2024-05-15 14:45:17.897 +0800,,85
6570,37876,跨境包裹重量,"23kg",,,2024-05-15 14:46:44.510 +0800,2024-05-15 14:46:44.510 +0800,,85
6571,37877,单位重量,"20kg",,,2024-05-15 14:46:44.510 +0800,2024-05-15 14:46:44.510 +0800,,85
6572,37878,货源类别,现货,,,2024-05-15 14:46:44.510 +0800,2024-05-15 14:46:44.510 +0800,,85
6573,37879,品牌,柏臻服饰,,,2024-05-15 14:46:44.510 +0800,2024-05-15 14:46:44.510 +0800,,85
6574,37880,货号,BZ--X05,,,2024-05-15 14:46:44.510 +0800,2024-05-15 14:46:44.510 +0800,,85
6575,37881,上市年份/季节,"2023年冬季",,,2024-05-15 14:46:44.510 +0800,2024-05-15 14:46:44.510 +0800,,85
6576,37882,是否套装,否,,,2024-05-15 14:46:44.510 +0800,2024-05-15 14:46:44.510 +0800,,85
6577,37883,风格,简约,,,2024-05-15 14:46:44.510 +0800,2024-05-15 14:46:44.510 +0800,,85
6578,37884,淘货类别,青春流行（18-24岁）,,,2024-05-15 14:46:44.510 +0800,2024-05-15 14:46:44.510 +0800,,85
6579,37885,款式,套头,,,2024-05-15 14:46:44.510 +0800,2024-05-15 14:46:44.510 +0800,,85
6580,37886,有无内胆,无内胆,,,2024-05-15 14:46:44.510 +0800,2024-05-15 14:46:44.510 +0800,,85
6581,37887,领型,无领,,,2024-05-15 14:46:44.510 +0800,2024-05-15 14:46:44.510 +0800,,85
6582,37888,领口形状,圆领,,,2024-05-15 14:46:44.510 +0800,2024-05-15 14:46:44.510 +0800,,85
6583,37889,袖长,长袖,,,2024-05-15 14:46:44.510 +0800,2024-05-15 14:46:44.510 +0800,,85
6584,37890,是否连帽,连帽,,,2024-05-15 14:46:44.510 +0800,2024-05-15 14:46:44.510 +0800,,85
6585,37891,门襟,无,,,2024-05-15 14:46:44.510 +0800,2024-05-15 14:46:44.510 +0800,,85
6586,37892,厚薄,加绒,,,2024-05-15 14:46:44.510 +0800,2024-05-15 14:46:44.510 +0800,,85
6587,37893,误差范围,"1-2cm",,,2024-05-15 14:46:44.510 +0800,2024-05-15 14:46:44.510 +0800,,85
6588,37894,适合季节,冬季,,,2024-05-15 14:46:44.510 +0800,2024-05-15 14:46:44.510 +0800,,85
6589,37895,是否库存,是,,,2024-05-15 14:46:44.510 +0800,2024-05-15 14:46:44.510 +0800,,85
6590,37896,库存类型,整单,,,2024-05-15 14:46:44.510 +0800,2024-05-15 14:46:44.510 +0800,,85
6591,37897,主面料成分,棉,,,2024-05-15 14:46:44.510 +0800,2024-05-15 14:46:44.510 +0800,,85
6592,37898,主面料成分的含量,"65",,,2024-05-15 14:46:44.510 +0800,2024-05-15 14:46:44.510 +0800,,85
6593,37899,面料名称,棉,,,2024-05-15 14:46:44.510 +0800,2024-05-15 14:46:44.510 +0800,,85
6594,37900,适用场景,休闲,,,2024-05-15 14:46:44.510 +0800,2024-05-15 14:46:44.510 +0800,,85
6595,37901,图案,纯色,,,2024-05-15 14:46:44.510 +0800,2024-05-15 14:46:44.510 +0800,,85
6596,37902,款式细节,罗纹底摆,,,2024-05-15 14:46:44.510 +0800,2024-05-15 14:46:44.510 +0800,,85
6597,37903,版型,宽松型,,,2024-05-15 14:46:44.510 +0800,2024-05-15 14:46:44.510 +0800,,85
6598,37904,工艺,印花/印染,,,2024-05-15 14:46:44.510 +0800,2024-05-15 14:46:44.510 +0800,,85
6599,37905,服装口袋样式,立体贴袋,,,2024-05-15 14:46:44.510 +0800,2024-05-15 14:46:44.510 +0800,,85
6600,37906,颜色,"白色【加绒款】,黑色【加绒款】,铁灰色【加绒款】,卡其色【加绒款】,麻灰色【加绒款】,雾霾蓝【加绒款】,皮粉色【加绒款】,姜黄色【加绒款】,牛仔蓝【加绒款】,大红色【加绒款】,中紫【加绒款】,橘黄色【加绒款】,砖红色【加绒款】,深红色【加绒款】,克莱因蓝,藏蓝色【加绒款】,浅绿色【加绒款】,翠绿色【加绒款】,艳蓝色,【加绒款】",,,2024-05-15 14:46:44.510 +0800,2024-05-15 14:46:44.510 +0800,,85
6601,37907,尺码,"M,L,XL,XXL,XXXL,XXXXL,XXXXXL",,,2024-05-15 14:46:44.510 +0800,2024-05-15 14:46:44.510 +0800,,85
6602,37908,适合人群,青少年,,,2024-05-15 14:46:44.510 +0800,2024-05-15 14:46:44.510 +0800,,85
6603,37909,是否跨境出口专供货源,否,,,2024-05-15 14:46:44.510 +0800,2024-05-15 14:46:44.510 +0800,,85
6604,37910,袖型,长袖,,,2024-05-15 14:46:44.510 +0800,2024-05-15 14:46:44.510 +0800,,85
6605,37911,口袋样式,无,,,2024-05-15 14:46:44.510 +0800,2024-05-15 14:46:44.510 +0800,,85
6606,37912,原创设计货源,是,,,2024-05-15 14:46:44.510 +0800,2024-05-15 14:46:44.510 +0800,,85
6607,37913,有无质检报告,是,,,2024-05-15 14:46:44.510 +0800,2024-05-15 14:46:44.510 +0800,,85
6608,37914,克重,"351g(含)-400g(不含)",,,2024-05-15 14:46:44.510 +0800,2024-05-15 14:46:44.510 +0800,,85
6804,37915,跨境包裹重量,"23kg",,,2024-05-15 14:48:09.886 +0800,2024-05-15 14:48:09.886 +0800,,85
6805,37916,单位重量,"20kg",,,2024-05-15 14:48:09.886 +0800,2024-05-15 14:48:09.886 +0800,,85
6806,37917,货源类别,现货,,,2024-05-15 14:48:09.886 +0800,2024-05-15 14:48:09.886 +0800,,85
6807,37918,品牌,柏臻服饰,,,2024-05-15 14:48:09.886 +0800,2024-05-15 14:48:09.886 +0800,,85
6808,37919,货号,BZ--X05,,,2024-05-15 14:48:09.886 +0800,2024-05-15 14:48:09.886 +0800,,85
6809,37920,上市年份/季节,"2023年冬季",,,2024-05-15 14:48:09.886 +0800,2024-05-15 14:48:09.886 +0800,,85
6810,37921,是否套装,否,,,2024-05-15 14:48:09.886 +0800,2024-05-15 14:48:09.886 +0800,,85
6811,37922,风格,简约,,,2024-05-15 14:48:09.886 +0800,2024-05-15 14:48:09.886 +0800,,85
6812,37923,淘货类别,青春流行（18-24岁）,,,2024-05-15 14:48:09.886 +0800,2024-05-15 14:48:09.886 +0800,,85
6813,37924,款式,套头,,,2024-05-15 14:48:09.886 +0800,2024-05-15 14:48:09.886 +0800,,85
6814,37925,有无内胆,无内胆,,,2024-05-15 14:48:09.886 +0800,2024-05-15 14:48:09.886 +0800,,85
6815,37926,领型,无领,,,2024-05-15 14:48:09.886 +0800,2024-05-15 14:48:09.886 +0800,,85
6816,37927,领口形状,圆领,,,2024-05-15 14:48:09.886 +0800,2024-05-15 14:48:09.886 +0800,,85
6817,37928,袖长,长袖,,,2024-05-15 14:48:09.886 +0800,2024-05-15 14:48:09.886 +0800,,85
6818,37929,是否连帽,连帽,,,2024-05-15 14:48:09.886 +0800,2024-05-15 14:48:09.886 +0800,,85
6819,37930,门襟,无,,,2024-05-15 14:48:09.886 +0800,2024-05-15 14:48:09.886 +0800,,85
6820,37931,厚薄,加绒,,,2024-05-15 14:48:09.886 +0800,2024-05-15 14:48:09.886 +0800,,85
6821,37932,误差范围,"1-2cm",,,2024-05-15 14:48:09.886 +0800,2024-05-15 14:48:09.886 +0800,,85
6822,37933,适合季节,冬季,,,2024-05-15 14:48:09.886 +0800,2024-05-15 14:48:09.886 +0800,,85
6823,37934,是否库存,是,,,2024-05-15 14:48:09.886 +0800,2024-05-15 14:48:09.886 +0800,,85
6824,37935,库存类型,整单,,,2024-05-15 14:48:09.886 +0800,2024-05-15 14:48:09.886 +0800,,85
6825,37936,主面料成分,棉,,,2024-05-15 14:48:09.886 +0800,2024-05-15 14:48:09.886 +0800,,85
6826,37937,主面料成分的含量,"65",,,2024-05-15 14:48:09.886 +0800,2024-05-15 14:48:09.886 +0800,,85
6827,37938,面料名称,棉,,,2024-05-15 14:48:09.886 +0800,2024-05-15 14:48:09.886 +0800,,85
6828,37939,适用场景,休闲,,,2024-05-15 14:48:09.886 +0800,2024-05-15 14:48:09.886 +0800,,85
6829,37940,图案,纯色,,,2024-05-15 14:48:09.886 +0800,2024-05-15 14:48:09.886 +0800,,85
6830,37941,款式细节,罗纹底摆,,,2024-05-15 14:48:09.886 +0800,2024-05-15 14:48:09.886 +0800,,85
6831,37942,版型,宽松型,,,2024-05-15 14:48:09.886 +0800,2024-05-15 14:48:09.886 +0800,,85
6832,37943,工艺,印花/印染,,,2024-05-15 14:48:09.886 +0800,2024-05-15 14:48:09.886 +0800,,85
6833,37944,服装口袋样式,立体贴袋,,,2024-05-15 14:48:09.886 +0800,2024-05-15 14:48:09.886 +0800,,85
6834,37945,颜色,"白色【加绒款】,黑色【加绒款】,铁灰色【加绒款】,卡其色【加绒款】,麻灰色【加绒款】,雾霾蓝【加绒款】,皮粉色【加绒款】,姜黄色【加绒款】,牛仔蓝【加绒款】,大红色【加绒款】,中紫【加绒款】,橘黄色【加绒款】,砖红色【加绒款】,深红色【加绒款】,克莱因蓝,藏蓝色【加绒款】,浅绿色【加绒款】,翠绿色【加绒款】,艳蓝色,【加绒款】",,,2024-05-15 14:48:09.886 +0800,2024-05-15 14:48:09.886 +0800,,85
6835,37946,尺码,"M,L,XL,XXL,XXXL,XXXXL,XXXXXL",,,2024-05-15 14:48:09.886 +0800,2024-05-15 14:48:09.886 +0800,,85
6836,37947,适合人群,青少年,,,2024-05-15 14:48:09.886 +0800,2024-05-15 14:48:09.886 +0800,,85
6837,37948,是否跨境出口专供货源,否,,,2024-05-15 14:48:09.886 +0800,2024-05-15 14:48:09.886 +0800,,85
6838,37949,袖型,长袖,,,2024-05-15 14:48:09.886 +0800,2024-05-15 14:48:09.886 +0800,,85
6839,37950,口袋样式,无,,,2024-05-15 14:48:09.886 +0800,2024-05-15 14:48:09.886 +0800,,85
6840,37951,原创设计货源,是,,,2024-05-15 14:48:09.886 +0800,2024-05-15 14:48:09.886 +0800,,85
6841,37952,有无质检报告,是,,,2024-05-15 14:48:09.886 +0800,2024-05-15 14:48:09.886 +0800,,85
6842,37953,克重,"351g(含)-400g(不含)",,,2024-05-15 14:48:09.886 +0800,2024-05-15 14:48:09.886 +0800,,85
6858,37969,单位重量,"0.46kg",,,2024-05-15 15:03:20.961 +0800,2024-05-15 15:03:20.961 +0800,,87
6859,37970,淘货类别,时尚都市（24-35岁）,,,2024-05-15 15:03:20.961 +0800,2024-05-15 15:03:20.961 +0800,,87
6860,37971,厚薄,薄款,,,2024-05-15 15:03:20.961 +0800,2024-05-15 15:03:20.961 +0800,,87
6861,37972,货源类别,现货,,,2024-05-15 15:03:20.961 +0800,2024-05-15 15:03:20.961 +0800,,87
6862,37973,品牌,宇辰,,,2024-05-15 15:03:20.961 +0800,2024-05-15 15:03:20.961 +0800,,87
6863,37974,货号,l136,,,2024-05-15 15:03:20.961 +0800,2024-05-15 15:03:20.961 +0800,,87
6864,37975,上市年份/季节,"2023春季",,,2024-05-15 15:03:20.961 +0800,2024-05-15 15:03:20.961 +0800,,87
6865,37976,是否连帽,连帽,,,2024-05-15 15:03:20.961 +0800,2024-05-15 15:03:20.961 +0800,,87
6866,37977,袖长,长袖,,,2024-05-15 15:03:20.961 +0800,2024-05-15 15:03:20.961 +0800,,87
6867,37978,误差范围,"2",,,2024-05-15 15:03:20.961 +0800,2024-05-15 15:03:20.961 +0800,,87
6868,37979,图案,广告logo,,,2024-05-15 15:03:20.961 +0800,2024-05-15 15:03:20.961 +0800,,87
6869,37980,库存类型,整单,,,2024-05-15 15:03:20.961 +0800,2024-05-15 15:03:20.961 +0800,,87
6870,37981,面料名称,聚酯纤维,,,2024-05-15 15:03:20.961 +0800,2024-05-15 15:03:20.961 +0800,,87
6871,37982,适用场景,休闲,,,2024-05-15 15:03:20.961 +0800,2024-05-15 15:03:20.961 +0800,,87
6872,37983,最快出货时间,"1-3天",,,2024-05-15 15:03:20.961 +0800,2024-05-15 15:03:20.961 +0800,,87
6873,37984,主面料成分的含量,"65",,,2024-05-15 15:03:20.961 +0800,2024-05-15 15:03:20.961 +0800,,87
6874,37985,是否库存,否,,,2024-05-15 15:03:20.961 +0800,2024-05-15 15:03:20.961 +0800,,87
6875,37986,适合季节,春秋季,,,2024-05-15 15:03:20.961 +0800,2024-05-15 15:03:20.961 +0800,,87
6876,37987,主面料成分,聚酯纤维（涤纶）,,,2024-05-15 15:03:20.961 +0800,2024-05-15 15:03:20.961 +0800,,87
6877,37988,是否跨境电商货源,否,,,2024-05-15 15:03:20.961 +0800,2024-05-15 15:03:20.961 +0800,,87
6878,37989,服装口袋样式,明辑线贴袋,,,2024-05-15 15:03:20.961 +0800,2024-05-15 15:03:20.961 +0800,,87
6879,37990,颜色,"白色,彩兰色,红色,哈密橙,海草蓝色,黑色,黄色,咖啡红色,米杏色,抹茶绿,藕粉色,浅灰蓝色,清新绿,雾霾蓝,香芋紫,竹叶青,紫罗兰",,,2024-05-15 15:03:20.961 +0800,2024-05-15 15:03:20.961 +0800,,87
6880,37991,适合人群,青年,,,2024-05-15 15:03:20.961 +0800,2024-05-15 15:03:20.961 +0800,,87
6881,37992,尺码,"S,M,L,XL,XXL,XXXXL",,,2024-05-15 15:03:20.961 +0800,2024-05-15 15:03:20.961 +0800,,87
6882,37993,版型,宽松型,,,2024-05-15 15:03:20.961 +0800,2024-05-15 15:03:20.961 +0800,,87
6883,37994,款式,套头,,,2024-05-15 15:03:20.961 +0800,2024-05-15 15:03:20.961 +0800,,87
6884,37995,原创设计货源,否,,,2024-05-15 15:03:20.961 +0800,2024-05-15 15:03:20.961 +0800,,87
6885,37996,有无质检报告,否,,,2024-05-15 15:03:20.961 +0800,2024-05-15 15:03:20.961 +0800,,87
6886,37997,质检报告编号,"54656454",,,2024-05-15 15:03:20.961 +0800,2024-05-15 15:03:20.961 +0800,,87
7038,38084,单位重量,"0.46kg",,,2024-05-15 16:31:01.703 +0800,2024-05-15 16:31:01.703 +0800,,87
7039,38085,淘货类别,时尚都市（24-35岁）,,,2024-05-15 16:31:01.703 +0800,2024-05-15 16:31:01.703 +0800,,87
7040,38086,厚薄,薄款,,,2024-05-15 16:31:01.703 +0800,2024-05-15 16:31:01.703 +0800,,87
7041,38087,货源类别,现货,,,2024-05-15 16:31:01.703 +0800,2024-05-15 16:31:01.703 +0800,,87
7042,38088,品牌,宇辰,,,2024-05-15 16:31:01.703 +0800,2024-05-15 16:31:01.703 +0800,,87
7043,38089,货号,l136,,,2024-05-15 16:31:01.703 +0800,2024-05-15 16:31:01.703 +0800,,87
7044,38090,上市年份/季节,"2023春季",,,2024-05-15 16:31:01.703 +0800,2024-05-15 16:31:01.703 +0800,,87
7045,38091,是否连帽,连帽,,,2024-05-15 16:31:01.703 +0800,2024-05-15 16:31:01.703 +0800,,87
7046,38092,袖长,长袖,,,2024-05-15 16:31:01.703 +0800,2024-05-15 16:31:01.703 +0800,,87
7047,38093,误差范围,"2",,,2024-05-15 16:31:01.703 +0800,2024-05-15 16:31:01.703 +0800,,87
7048,38094,图案,广告logo,,,2024-05-15 16:31:01.703 +0800,2024-05-15 16:31:01.703 +0800,,87
7049,38095,库存类型,整单,,,2024-05-15 16:31:01.703 +0800,2024-05-15 16:31:01.703 +0800,,87
7050,38096,面料名称,聚酯纤维,,,2024-05-15 16:31:01.703 +0800,2024-05-15 16:31:01.703 +0800,,87
7051,38097,适用场景,休闲,,,2024-05-15 16:31:01.703 +0800,2024-05-15 16:31:01.703 +0800,,87
7052,38098,最快出货时间,"1-3天",,,2024-05-15 16:31:01.703 +0800,2024-05-15 16:31:01.703 +0800,,87
7053,38099,主面料成分的含量,"65",,,2024-05-15 16:31:01.703 +0800,2024-05-15 16:31:01.703 +0800,,87
7054,38100,是否库存,否,,,2024-05-15 16:31:01.703 +0800,2024-05-15 16:31:01.703 +0800,,87
7055,38101,适合季节,春秋季,,,2024-05-15 16:31:01.703 +0800,2024-05-15 16:31:01.703 +0800,,87
7056,38102,主面料成分,聚酯纤维（涤纶）,,,2024-05-15 16:31:01.703 +0800,2024-05-15 16:31:01.703 +0800,,87
7057,38103,是否跨境电商货源,否,,,2024-05-15 16:31:01.703 +0800,2024-05-15 16:31:01.703 +0800,,87
7058,38104,服装口袋样式,明辑线贴袋,,,2024-05-15 16:31:01.703 +0800,2024-05-15 16:31:01.703 +0800,,87
7059,38105,颜色,"白色,彩兰色,红色,哈密橙,海草蓝色,黑色,黄色,咖啡红色,米杏色,抹茶绿,藕粉色,浅灰蓝色,清新绿,雾霾蓝,香芋紫,竹叶青,紫罗兰",,,2024-05-15 16:31:01.703 +0800,2024-05-15 16:31:01.703 +0800,,87
7060,38106,适合人群,青年,,,2024-05-15 16:31:01.703 +0800,2024-05-15 16:31:01.703 +0800,,87
7061,38107,尺码,"S,M,L,XL,XXL,XXXXL",,,2024-05-15 16:31:01.703 +0800,2024-05-15 16:31:01.703 +0800,,87
7062,38108,版型,宽松型,,,2024-05-15 16:31:01.703 +0800,2024-05-15 16:31:01.703 +0800,,87
7063,38109,款式,套头,,,2024-05-15 16:31:01.703 +0800,2024-05-15 16:31:01.703 +0800,,87
7064,38110,原创设计货源,否,,,2024-05-15 16:31:01.703 +0800,2024-05-15 16:31:01.703 +0800,,87
7065,38111,有无质检报告,否,,,2024-05-15 16:31:01.703 +0800,2024-05-15 16:31:01.703 +0800,,87
7066,38112,质检报告编号,"54656454",,,2024-05-15 16:31:01.703 +0800,2024-05-15 16:31:01.703 +0800,,87
7154,38113,单位重量,"0.46kg",,,2024-05-15 16:33:33.930 +0800,2024-05-15 16:33:33.930 +0800,,87
7155,38114,淘货类别,时尚都市（24-35岁）,,,2024-05-15 16:33:33.930 +0800,2024-05-15 16:33:33.930 +0800,,87
7156,38115,厚薄,薄款,,,2024-05-15 16:33:33.930 +0800,2024-05-15 16:33:33.930 +0800,,87
7157,38116,货源类别,现货,,,2024-05-15 16:33:33.930 +0800,2024-05-15 16:33:33.930 +0800,,87
7158,38117,品牌,宇辰,,,2024-05-15 16:33:33.930 +0800,2024-05-15 16:33:33.930 +0800,,87
7159,38118,货号,l136,,,2024-05-15 16:33:33.930 +0800,2024-05-15 16:33:33.930 +0800,,87
7160,38119,上市年份/季节,"2023春季",,,2024-05-15 16:33:33.930 +0800,2024-05-15 16:33:33.930 +0800,,87
7161,38120,是否连帽,连帽,,,2024-05-15 16:33:33.930 +0800,2024-05-15 16:33:33.930 +0800,,87
7162,38121,袖长,长袖,,,2024-05-15 16:33:33.930 +0800,2024-05-15 16:33:33.930 +0800,,87
7163,38122,误差范围,"2",,,2024-05-15 16:33:33.930 +0800,2024-05-15 16:33:33.930 +0800,,87
7164,38123,图案,广告logo,,,2024-05-15 16:33:33.930 +0800,2024-05-15 16:33:33.930 +0800,,87
7165,38124,库存类型,整单,,,2024-05-15 16:33:33.930 +0800,2024-05-15 16:33:33.930 +0800,,87
7166,38125,面料名称,聚酯纤维,,,2024-05-15 16:33:33.930 +0800,2024-05-15 16:33:33.930 +0800,,87
7167,38126,适用场景,休闲,,,2024-05-15 16:33:33.930 +0800,2024-05-15 16:33:33.930 +0800,,87
7168,38127,最快出货时间,"1-3天",,,2024-05-15 16:33:33.930 +0800,2024-05-15 16:33:33.930 +0800,,87
7169,38128,主面料成分的含量,"65",,,2024-05-15 16:33:33.930 +0800,2024-05-15 16:33:33.930 +0800,,87
7170,38129,是否库存,否,,,2024-05-15 16:33:33.930 +0800,2024-05-15 16:33:33.930 +0800,,87
7171,38130,适合季节,春秋季,,,2024-05-15 16:33:33.930 +0800,2024-05-15 16:33:33.930 +0800,,87
7172,38131,主面料成分,聚酯纤维（涤纶）,,,2024-05-15 16:33:33.930 +0800,2024-05-15 16:33:33.930 +0800,,87
7173,38132,是否跨境电商货源,否,,,2024-05-15 16:33:33.930 +0800,2024-05-15 16:33:33.930 +0800,,87
7174,38133,服装口袋样式,明辑线贴袋,,,2024-05-15 16:33:33.930 +0800,2024-05-15 16:33:33.930 +0800,,87
7175,38134,颜色,"白色,彩兰色,红色,哈密橙,海草蓝色,黑色,黄色,咖啡红色,米杏色,抹茶绿,藕粉色,浅灰蓝色,清新绿,雾霾蓝,香芋紫,竹叶青,紫罗兰",,,2024-05-15 16:33:33.930 +0800,2024-05-15 16:33:33.930 +0800,,87
7176,38135,适合人群,青年,,,2024-05-15 16:33:33.930 +0800,2024-05-15 16:33:33.930 +0800,,87
7177,38136,尺码,"S,M,L,XL,XXL,XXXXL",,,2024-05-15 16:33:33.930 +0800,2024-05-15 16:33:33.930 +0800,,87
7178,38137,版型,宽松型,,,2024-05-15 16:33:33.930 +0800,2024-05-15 16:33:33.930 +0800,,87
7179,38138,款式,套头,,,2024-05-15 16:33:33.930 +0800,2024-05-15 16:33:33.930 +0800,,87
7180,38139,原创设计货源,否,,,2024-05-15 16:33:33.930 +0800,2024-05-15 16:33:33.930 +0800,,87
7181,38140,有无质检报告,否,,,2024-05-15 16:33:33.930 +0800,2024-05-15 16:33:33.930 +0800,,87
7182,38141,质检报告编号,"54656454",,,2024-05-15 16:33:33.930 +0800,2024-05-15 16:33:33.930 +0800,,87
7183,38163,单位重量,"0.46kg",,,2024-05-15 16:56:40.088 +0800,2024-05-15 16:56:40.088 +0800,,87
7184,38164,淘货类别,时尚都市（24-35岁）,,,2024-05-15 16:56:40.088 +0800,2024-05-15 16:56:40.088 +0800,,87
7185,38165,厚薄,薄款,,,2024-05-15 16:56:40.088 +0800,2024-05-15 16:56:40.088 +0800,,87
7186,38166,货源类别,现货,,,2024-05-15 16:56:40.088 +0800,2024-05-15 16:56:40.088 +0800,,87
7187,38167,品牌,宇辰,,,2024-05-15 16:56:40.088 +0800,2024-05-15 16:56:40.088 +0800,,87
7188,38168,货号,l136,,,2024-05-15 16:56:40.088 +0800,2024-05-15 16:56:40.088 +0800,,87
7189,38169,上市年份/季节,"2023春季",,,2024-05-15 16:56:40.088 +0800,2024-05-15 16:56:40.088 +0800,,87
7190,38170,是否连帽,连帽,,,2024-05-15 16:56:40.088 +0800,2024-05-15 16:56:40.088 +0800,,87
7191,38171,袖长,长袖,,,2024-05-15 16:56:40.088 +0800,2024-05-15 16:56:40.088 +0800,,87
7192,38172,误差范围,"2",,,2024-05-15 16:56:40.088 +0800,2024-05-15 16:56:40.088 +0800,,87
7193,38173,图案,广告logo,,,2024-05-15 16:56:40.088 +0800,2024-05-15 16:56:40.088 +0800,,87
7194,38174,库存类型,整单,,,2024-05-15 16:56:40.088 +0800,2024-05-15 16:56:40.088 +0800,,87
7195,38175,面料名称,聚酯纤维,,,2024-05-15 16:56:40.088 +0800,2024-05-15 16:56:40.088 +0800,,87
7196,38176,适用场景,休闲,,,2024-05-15 16:56:40.088 +0800,2024-05-15 16:56:40.088 +0800,,87
7197,38177,最快出货时间,"1-3天",,,2024-05-15 16:56:40.088 +0800,2024-05-15 16:56:40.088 +0800,,87
7198,38178,主面料成分的含量,"65",,,2024-05-15 16:56:40.088 +0800,2024-05-15 16:56:40.088 +0800,,87
7199,38179,是否库存,否,,,2024-05-15 16:56:40.088 +0800,2024-05-15 16:56:40.088 +0800,,87
7200,38180,适合季节,春秋季,,,2024-05-15 16:56:40.088 +0800,2024-05-15 16:56:40.088 +0800,,87
7201,38181,主面料成分,聚酯纤维（涤纶）,,,2024-05-15 16:56:40.088 +0800,2024-05-15 16:56:40.088 +0800,,87
7202,38182,是否跨境电商货源,否,,,2024-05-15 16:56:40.088 +0800,2024-05-15 16:56:40.088 +0800,,87
7203,38183,服装口袋样式,明辑线贴袋,,,2024-05-15 16:56:40.088 +0800,2024-05-15 16:56:40.088 +0800,,87
7204,38184,颜色,"白色,彩兰色,红色,哈密橙,海草蓝色,黑色,黄色,咖啡红色,米杏色,抹茶绿,藕粉色,浅灰蓝色,清新绿,雾霾蓝,香芋紫,竹叶青,紫罗兰",,,2024-05-15 16:56:40.088 +0800,2024-05-15 16:56:40.088 +0800,,87
7205,38185,适合人群,青年,,,2024-05-15 16:56:40.088 +0800,2024-05-15 16:56:40.088 +0800,,87
7206,38186,尺码,"S,M,L,XL,XXL,XXXXL",,,2024-05-15 16:56:40.088 +0800,2024-05-15 16:56:40.088 +0800,,87
7207,38187,版型,宽松型,,,2024-05-15 16:56:40.088 +0800,2024-05-15 16:56:40.088 +0800,,87
7208,38188,款式,套头,,,2024-05-15 16:56:40.088 +0800,2024-05-15 16:56:40.088 +0800,,87
7209,38189,原创设计货源,否,,,2024-05-15 16:56:40.088 +0800,2024-05-15 16:56:40.088 +0800,,87
7210,38190,有无质检报告,否,,,2024-05-15 16:56:40.088 +0800,2024-05-15 16:56:40.088 +0800,,87
7211,38191,质检报告编号,"54656454",,,2024-05-15 16:56:40.088 +0800,2024-05-15 16:56:40.088 +0800,,87
7240,38220,单位重量,"0.035kg",,,2024-05-16 12:28:32.628 +0800,2024-05-16 12:28:32.628 +0800,,91
7241,38221,面料名称,锦纶,,,2024-05-16 12:28:32.628 +0800,2024-05-16 12:28:32.628 +0800,,91
7242,38222,无骨缝制,否：机器缝头,,,2024-05-16 12:28:32.628 +0800,2024-05-16 12:28:32.628 +0800,,91
7243,38223,功能,"吸汗,防摩擦,3283093",,,2024-05-16 12:28:32.628 +0800,2024-05-16 12:28:32.628 +0800,,91
7244,38224,图案,"21738478728",,,2024-05-16 12:28:32.628 +0800,2024-05-16 12:28:32.628 +0800,,91
7245,38225,包装形式,袋装,,,2024-05-16 12:28:32.628 +0800,2024-05-16 12:28:32.628 +0800,,91
7246,38226,适用性别,中性/男女均可,,,2024-05-16 12:28:32.628 +0800,2024-05-16 12:28:32.628 +0800,,91
7247,38227,适用年龄段,青年（18-40周岁）,,,2024-05-16 12:28:32.628 +0800,2024-05-16 12:28:32.628 +0800,,91
7248,38228,主面料成分,锦纶/尼龙,,,2024-05-16 12:28:32.628 +0800,2024-05-16 12:28:32.628 +0800,,91
7249,38229,主面料成分的含量,"63（%）",,,2024-05-16 12:28:32.628 +0800,2024-05-16 12:28:32.628 +0800,,91
7250,38230,筒高,短筒,,,2024-05-16 12:28:32.628 +0800,2024-05-16 12:28:32.628 +0800,,91
7251,38231,针数,"168N",,,2024-05-16 12:28:32.628 +0800,2024-05-16 12:28:32.628 +0800,,91
7252,38232,上市时间,"2022年夏季",,,2024-05-16 12:28:32.628 +0800,2024-05-16 12:28:32.628 +0800,,91
7253,38233,适合季节,夏季,,,2024-05-16 12:28:32.628 +0800,2024-05-16 12:28:32.628 +0800,,91
7254,38234,产品类别,专业运动袜,,,2024-05-16 12:28:32.628 +0800,2024-05-16 12:28:32.628 +0800,,91
7255,38235,产地,绍兴,,,2024-05-16 12:28:32.628 +0800,2024-05-16 12:28:32.628 +0800,,91
7256,38236,适用场景,跑步,,,2024-05-16 12:28:32.628 +0800,2024-05-16 12:28:32.628 +0800,,91
7257,38237,最低贴牌量,"2（件）",,,2024-05-16 12:28:32.628 +0800,2024-05-16 12:28:32.628 +0800,,91
7258,38238,是否跨境出口专供货源,是,,,2024-05-16 12:28:32.628 +0800,2024-05-16 12:28:32.628 +0800,,91
7259,38239,货号,W01,,,2024-05-16 12:28:32.628 +0800,2024-05-16 12:28:32.628 +0800,,91
7260,38240,颜色,"支持LOGO花型定制,白色,藏青,黑色,靛青,粉色,柠檬黄",,,2024-05-16 12:28:32.628 +0800,2024-05-16 12:28:32.628 +0800,,91
7261,38241,尺码,"男士L（39-44码),女士S（36-39码）",,,2024-05-16 12:28:32.628 +0800,2024-05-16 12:28:32.628 +0800,,91
7262,38242,是否进口,否,,,2024-05-16 12:28:32.628 +0800,2024-05-16 12:28:32.628 +0800,,91
7263,38243,成分及含量,"63",,,2024-05-16 12:28:32.628 +0800,2024-05-16 12:28:32.628 +0800,,91
7264,38244,织造方法,单针,,,2024-05-16 12:28:32.628 +0800,2024-05-16 12:28:32.628 +0800,,91
7265,38245,上市年份/季节,"2024春季",,,2024-05-16 12:28:32.628 +0800,2024-05-16 12:28:32.628 +0800,,91
7266,38246,加工周期,"7",,,2024-05-16 12:28:32.628 +0800,2024-05-16 12:28:32.628 +0800,,91
7348,38247,认证,无,,,2024-05-16 13:51:52.876 +0800,2024-05-16 13:51:52.876 +0800,,95
7349,38248,是否一般纳税人,是,,,2024-05-16 13:51:52.876 +0800,2024-05-16 13:51:52.876 +0800,,95
7350,38249,材质,网布,,,2024-05-16 13:51:52.876 +0800,2024-05-16 13:51:52.876 +0800,,95
7351,38250,品牌,戈曼思,,,2024-05-16 13:51:52.876 +0800,2024-05-16 13:51:52.876 +0800,,95
7352,38251,货号,职员椅子,,,2024-05-16 13:51:52.876 +0800,2024-05-16 13:51:52.876 +0800,,95
7353,38252,风格,现代简约,,,2024-05-16 13:51:52.876 +0800,2024-05-16 13:51:52.876 +0800,,95
7354,38253,型号,办公椅,,,2024-05-16 13:51:52.876 +0800,2024-05-16 13:51:52.876 +0800,,95
7355,38254,框架,尼龙,,,2024-05-16 13:51:52.876 +0800,2024-05-16 13:51:52.876 +0800,,95
7356,38255,内部填充物,高弹泡沫海绵,,,2024-05-16 13:51:52.876 +0800,2024-05-16 13:51:52.876 +0800,,95
7357,38256,有无扶手,有,,,2024-05-16 13:51:52.876 +0800,2024-05-16 13:51:52.876 +0800,,95
7358,38257,可否旋转,可以,,,2024-05-16 13:51:52.876 +0800,2024-05-16 13:51:52.876 +0800,,95
7359,38258,可否定做,可以,,,2024-05-16 13:51:52.876 +0800,2024-05-16 13:51:52.876 +0800,,95
7360,38259,颜色,"红色,绿色,黑色,橙色,弓形,弓形脚",,,2024-05-16 13:51:52.876 +0800,2024-05-16 13:51:52.876 +0800,,95
7361,38260,贸易属性,内贸,,,2024-05-16 13:51:52.876 +0800,2024-05-16 13:51:52.876 +0800,,95
7362,38261,体积,咨询客服,,,2024-05-16 13:51:52.876 +0800,2024-05-16 13:51:52.876 +0800,,95
7363,38262,是否跨境出口专供货源,是,,,2024-05-16 13:51:52.876 +0800,2024-05-16 13:51:52.876 +0800,,95
7364,38263,主要下游平台,"ebay,亚马逊,wish,速卖通,独立站,LAZADA",,,2024-05-16 13:51:52.876 +0800,2024-05-16 13:51:52.876 +0800,,95
7365,38264,主要销售地区,"非洲,欧洲,南美,东南亚,北美,东北亚,中东",,,2024-05-16 13:51:52.876 +0800,2024-05-16 13:51:52.876 +0800,,95
7366,38265,有可授权的自有品牌,否,,,2024-05-16 13:51:52.876 +0800,2024-05-16 13:51:52.876 +0800,,95
7367,38266,是否带滚轮,是,,,2024-05-16 13:51:52.876 +0800,2024-05-16 13:51:52.876 +0800,,95
7368,38267,扶手类型,固定扶手,,,2024-05-16 13:51:52.876 +0800,2024-05-16 13:51:52.876 +0800,,95
7369,38268,是否可升降,是,,,2024-05-16 13:51:52.876 +0800,2024-05-16 13:51:52.876 +0800,,95
7370,38269,靠背高度,咨询客服,,,2024-05-16 13:51:52.876 +0800,2024-05-16 13:51:52.876 +0800,,95
7371,38270,空间,"客厅,卧室,书房",,,2024-05-16 13:51:52.876 +0800,2024-05-16 13:51:52.876 +0800,,95
7372,38271,是否配送上门,送货上楼,,,2024-05-16 13:51:52.876 +0800,2024-05-16 13:51:52.876 +0800,,95
7373,38272,是否提供安装服务,是,,,2024-05-16 13:51:52.876 +0800,2024-05-16 13:51:52.876 +0800,,95
7374,38273,功能,旋转,,,2024-05-16 13:51:52.876 +0800,2024-05-16 13:51:52.876 +0800,,95
7375,38274,人体工学,是,,,2024-05-16 13:51:52.876 +0800,2024-05-16 13:51:52.876 +0800,,95
7376,38275,认证,无,,,2024-05-16 13:58:37.461 +0800,2024-05-16 13:58:37.461 +0800,,96
7377,38276,是否一般纳税人,否,,,2024-05-16 13:58:37.461 +0800,2024-05-16 13:58:37.461 +0800,,96
7378,38277,材质,网布,,,2024-05-16 13:58:37.461 +0800,2024-05-16 13:58:37.461 +0800,,96
7379,38278,品牌,筑穆,,,2024-05-16 13:58:37.461 +0800,2024-05-16 13:58:37.461 +0800,,96
7380,38279,货号,ZM066,,,2024-05-16 13:58:37.461 +0800,2024-05-16 13:58:37.461 +0800,,96
7381,38280,风格,现代简约,,,2024-05-16 13:58:37.461 +0800,2024-05-16 13:58:37.461 +0800,,96
7382,38281,型号,ZM066,,,2024-05-16 13:58:37.461 +0800,2024-05-16 13:58:37.461 +0800,,96
7383,38282,有无扶手,有,,,2024-05-16 13:58:37.461 +0800,2024-05-16 13:58:37.461 +0800,,96
7384,38283,可否旋转,可以,,,2024-05-16 13:58:37.461 +0800,2024-05-16 13:58:37.461 +0800,,96
7385,38284,可否定做,可以,,,2024-05-16 13:58:37.461 +0800,2024-05-16 13:58:37.461 +0800,,96
7386,38285,颜色,"灰+橙色滑轮款,灰+绿色滑轮款,纯黑色滑轮款,纯灰色滑轮款,黑+绿色滑轮款,黑+黑色滑轮款,黑+灰色滑轮款,黑+绿色弓形款,纯黑色弓形款,纯灰色弓形款",,,2024-05-16 13:58:37.461 +0800,2024-05-16 13:58:37.461 +0800,,96
7387,38286,贸易属性,内贸+外贸,,,2024-05-16 13:58:37.461 +0800,2024-05-16 13:58:37.461 +0800,,96
7388,38287,是否带滚轮,是,,,2024-05-16 13:58:37.461 +0800,2024-05-16 13:58:37.461 +0800,,96
7389,38288,扶手类型,固定扶手,,,2024-05-16 13:58:37.461 +0800,2024-05-16 13:58:37.461 +0800,,96
7390,38289,是否可升降,是,,,2024-05-16 13:58:37.461 +0800,2024-05-16 13:58:37.461 +0800,,96
7391,38290,空间,"书房,室外,儿童房,商用场所,其他",,,2024-05-16 13:58:37.461 +0800,2024-05-16 13:58:37.461 +0800,,96
7392,38291,是否配送上门,不配送上门,,,2024-05-16 13:58:37.461 +0800,2024-05-16 13:58:37.461 +0800,,96
7393,38292,是否提供安装服务,否,,,2024-05-16 13:58:37.461 +0800,2024-05-16 13:58:37.461 +0800,,96
7394,38293,功能,人体工学,,,2024-05-16 13:58:37.461 +0800,2024-05-16 13:58:37.461 +0800,,96
7395,38294,是否一般纳税人,是,,,2024-05-16 14:04:01.957 +0800,2024-05-16 14:04:01.957 +0800,,97
7396,38295,是否配送上门,送到楼下,,,2024-05-16 14:04:01.957 +0800,2024-05-16 14:04:01.957 +0800,,97
7397,38296,柜子类型,落地文件柜,,,2024-05-16 14:04:01.957 +0800,2024-05-16 14:04:01.957 +0800,,97
7398,38297,材质,钢制,,,2024-05-16 14:04:01.957 +0800,2024-05-16 14:04:01.957 +0800,,97
7399,38298,认证,无,,,2024-05-16 14:04:01.957 +0800,2024-05-16 14:04:01.957 +0800,,97
7400,38299,是否提供安装服务,提供有偿安装,,,2024-05-16 14:04:01.957 +0800,2024-05-16 14:04:01.957 +0800,,97
7401,38300,货号,KXWJG,,,2024-05-16 14:04:01.957 +0800,2024-05-16 14:04:01.957 +0800,,97
7402,38301,品牌,河洛乐华,,,2024-05-16 14:04:01.957 +0800,2024-05-16 14:04:01.957 +0800,,97
7403,38302,风格,现代简约,,,2024-05-16 14:04:01.957 +0800,2024-05-16 14:04:01.957 +0800,,97
7404,38303,颜色,"二斗一字拉手,三斗一字拉手,四斗一字拉手,二斗黑色拉手,三斗黑色拉手,四斗黑色拉手,黑色二斗一字拉手,黑色三斗一字拉手,黑色四斗一字拉手,灰白套色二斗,灰白套色三斗,灰白套色四斗,咖白套色二斗,咖白套色三斗,咖白套色四斗",,,2024-05-16 14:04:01.957 +0800,2024-05-16 14:04:01.957 +0800,,97
7405,38304,尺寸,"0.8MM钢板",,,2024-05-16 14:04:01.957 +0800,2024-05-16 14:04:01.957 +0800,,97
7406,38305,开启方式,推拉式,,,2024-05-16 14:04:01.957 +0800,2024-05-16 14:04:01.957 +0800,,97
7407,38306,型号,二三四斗,,,2024-05-16 14:04:01.957 +0800,2024-05-16 14:04:01.957 +0800,,97
7408,38307,门数,无门抽屉式,,,2024-05-16 14:04:01.957 +0800,2024-05-16 14:04:01.957 +0800,,97
7409,38308,可否定做,不可以,,,2024-05-16 14:04:01.957 +0800,2024-05-16 14:04:01.957 +0800,,97
7410,38309,贸易属性,内贸,,,2024-05-16 14:04:01.957 +0800,2024-05-16 14:04:01.957 +0800,,97
7411,38310,是否跨境出口专供货源,是,,,2024-05-16 14:04:01.957 +0800,2024-05-16 14:04:01.957 +0800,,97
7412,38311,主要下游平台,"ebay,亚马逊,wish,速卖通,独立站,LAZADA",,,2024-05-16 14:04:01.957 +0800,2024-05-16 14:04:01.957 +0800,,97
7413,38312,主要销售地区,"非洲,欧洲,南美,东南亚,北美,东北亚,中东",,,2024-05-16 14:04:01.957 +0800,2024-05-16 14:04:01.957 +0800,,97
7414,38313,有可授权的自有品牌,是,,,2024-05-16 14:04:01.957 +0800,2024-05-16 14:04:01.957 +0800,,97
7415,38314,功能,带抽屉,,,2024-05-16 14:04:01.957 +0800,2024-05-16 14:04:01.957 +0800,,97
7416,38315,是否带锁,带锁,,,2024-05-16 14:04:01.957 +0800,2024-05-16 14:04:01.957 +0800,,97
7417,38316,层数,"4层",,,2024-05-16 14:04:01.957 +0800,2024-05-16 14:04:01.957 +0800,,97
7418,38317,产品类别,文件柜,,,2024-05-16 14:04:01.957 +0800,2024-05-16 14:04:01.957 +0800,,97
7419,38318,跨境包裹重量,"1kg",,,2024-05-16 14:07:01.305 +0800,2024-05-16 14:07:01.305 +0800,,98
7420,38319,单位重量,"1kg",,,2024-05-16 14:07:01.305 +0800,2024-05-16 14:07:01.305 +0800,,98
7421,38320,是否一般纳税人,是,,,2024-05-16 14:07:01.305 +0800,2024-05-16 14:07:01.305 +0800,,98
7422,38321,是否配送上门,是,,,2024-05-16 14:07:01.305 +0800,2024-05-16 14:07:01.305 +0800,,98
7423,38322,柜子类型,落地文件柜,,,2024-05-16 14:07:01.305 +0800,2024-05-16 14:07:01.305 +0800,,98
7424,38323,材质,钢,,,2024-05-16 14:07:01.305 +0800,2024-05-16 14:07:01.305 +0800,,98
7425,38324,认证,无,,,2024-05-16 14:07:01.305 +0800,2024-05-16 14:07:01.305 +0800,,98
7426,38325,是否提供安装服务,是,,,2024-05-16 14:07:01.305 +0800,2024-05-16 14:07:01.305 +0800,,98
7427,38326,货号,ED,,,2024-05-16 14:07:01.305 +0800,2024-05-16 14:07:01.305 +0800,,98
7428,38327,品牌,熠利莱,,,2024-05-16 14:07:01.305 +0800,2024-05-16 14:07:01.305 +0800,,98
7429,38328,风格,现代简约,,,2024-05-16 14:07:01.305 +0800,2024-05-16 14:07:01.305 +0800,,98
7430,38329,颜色,"通玻文件柜,大器文件柜,中二斗文件柜,通双节文件柜,对开门文件柜,铁二斗文件柜,偏三保文件柜,分五节文件柜,等器文件柜,七板凭证柜,偏五斗文件柜,通五节文件柜,宽中六文件柜",,,2024-05-16 14:07:01.305 +0800,2024-05-16 14:07:01.305 +0800,,98
7431,38330,尺寸,"经济款10,常规款11,加厚款12,精品款13",,,2024-05-16 14:07:01.305 +0800,2024-05-16 14:07:01.305 +0800,,98
7432,38331,开启方式,拉链式,,,2024-05-16 14:07:01.305 +0800,2024-05-16 14:07:01.305 +0800,,98
7433,38332,型号,ED-1,,,2024-05-16 14:07:01.305 +0800,2024-05-16 14:07:01.305 +0800,,98
7434,38333,门数,"2门",,,2024-05-16 14:07:01.305 +0800,2024-05-16 14:07:01.305 +0800,,98
7435,38334,可否定做,可以,,,2024-05-16 14:07:01.305 +0800,2024-05-16 14:07:01.305 +0800,,98
7436,38335,贸易属性,内贸,,,2024-05-16 14:07:01.305 +0800,2024-05-16 14:07:01.305 +0800,,98
7437,38336,是否跨境出口专供货源,否,,,2024-05-16 14:07:01.305 +0800,2024-05-16 14:07:01.305 +0800,,98
7438,38337,功能,"透明,带抽屉,玻璃门",,,2024-05-16 14:07:01.305 +0800,2024-05-16 14:07:01.305 +0800,,98
7439,38338,是否带锁,是,,,2024-05-16 14:07:01.305 +0800,2024-05-16 14:07:01.305 +0800,,98
7440,38339,层数,"4层",,,2024-05-16 14:07:01.305 +0800,2024-05-16 14:07:01.305 +0800,,98
7441,38340,镜框材料,其他,,,2024-05-16 14:10:18.502 +0800,2024-05-16 14:10:18.502 +0800,,99
7442,38341,风格,简约现代,,,2024-05-16 14:10:18.502 +0800,2024-05-16 14:10:18.502 +0800,,99
7443,38342,加工方式,其他,,,2024-05-16 14:10:18.502 +0800,2024-05-16 14:10:18.502 +0800,,99
7444,38343,品牌,其他,,,2024-05-16 14:10:18.502 +0800,2024-05-16 14:10:18.502 +0800,,99
7445,38344,型号,其他,,,2024-05-16 14:10:18.502 +0800,2024-05-16 14:10:18.502 +0800,,99
7446,38345,颜色,"30*120经典黑挂墙款-高清防爆,30*120银白色挂墙款-高清防爆,30*120香槟金挂墙款-高清防爆,40*150经典黑摆挂两用-高清防爆,40*150银白色摆挂两用-高清防爆,40*150香槟金摆挂两用-高清防爆,45*155经典黑摆挂两用-高清防爆,45*155银白色摆挂两用-高清防爆,45*155香槟金摆挂两用-高清防爆,50*160经典黑摆挂两用-高清防爆,50*160银白色摆挂两用-高清防爆,50*160香槟金摆挂两用-高清防爆,60*165经典黑摆挂两用-高清防爆,60*165银白色摆挂两用-高清防爆,60*165香槟金摆挂两用-高清防爆,65*170经典黑摆挂两用-高清防爆,65*170银白色摆挂两用-高清防爆,65*170香槟金摆挂两用-高清防爆,80*180经典黑摆挂两用-高清防爆,80*180银白色摆挂两用-高清防爆,80*180香槟金摆挂两用-高清防爆,30*40经典黑挂墙款-高清防爆",,,2024-05-16 14:10:18.502 +0800,2024-05-16 14:10:18.502 +0800,,99
7447,38346,尺寸,【圆角】,,,2024-05-16 14:10:18.502 +0800,2024-05-16 14:10:18.502 +0800,,99
7448,38347,货号,BMGAEjJa,,,2024-05-16 14:10:18.502 +0800,2024-05-16 14:10:18.502 +0800,,99
7449,38348,品牌,铭洋,,,2024-05-16 14:13:48.289 +0800,2024-05-16 14:13:48.289 +0800,,100
7450,38349,脚轮材质,尼龙轮,,,2024-05-16 14:13:48.289 +0800,2024-05-16 14:13:48.289 +0800,,100
7451,38350,层板数,"1层",,,2024-05-16 14:13:48.289 +0800,2024-05-16 14:13:48.289 +0800,,100
7452,38351,脚轮配置,"2定2万向",,,2024-05-16 14:13:48.289 +0800,2024-05-16 14:13:48.289 +0800,,100
7453,38352,笼身高度,"172",,,2024-05-16 14:13:48.289 +0800,2024-05-16 14:13:48.289 +0800,,100
7454,38353,类型,物流台车,,,2024-05-16 14:13:48.289 +0800,2024-05-16 14:13:48.289 +0800,,100
7455,38354,内部尺寸,"720*820*1720",,,2024-05-16 14:13:48.289 +0800,2024-05-16 14:13:48.289 +0800,,100
7456,38355,品牌,国产,,,2024-05-16 14:30:41.669 +0800,2024-05-16 14:30:41.669 +0800,,101
7457,38356,货号,果汁杯,,,2024-05-16 14:30:41.669 +0800,2024-05-16 14:30:41.669 +0800,,101
7458,38357,是否进口,否,,,2024-05-16 14:30:41.669 +0800,2024-05-16 14:30:41.669 +0800,,101
7459,38358,产品类别,葡萄酒杯,,,2024-05-16 14:30:41.669 +0800,2024-05-16 14:30:41.669 +0800,,101
7460,38359,材质,水晶,,,2024-05-16 14:30:41.669 +0800,2024-05-16 14:30:41.669 +0800,,101
7461,38360,容量,"101-200ml",,,2024-05-16 14:30:41.669 +0800,2024-05-16 14:30:41.669 +0800,,101
7462,38361,风格,北欧风,,,2024-05-16 14:30:41.669 +0800,2024-05-16 14:30:41.669 +0800,,101
7463,38362,颜色,"1号,2号,3号,4号,5号",,,2024-05-16 14:30:41.669 +0800,2024-05-16 14:30:41.669 +0800,,101
7464,38363,个数,"1个",,,2024-05-16 14:30:41.669 +0800,2024-05-16 14:30:41.669 +0800,,101
7465,38364,产品上市时间,"2020年秋",,,2024-05-16 14:30:41.669 +0800,2024-05-16 14:30:41.669 +0800,,101
7466,38365,价格段,"5元以内价格段",,,2024-05-16 14:30:41.669 +0800,2024-05-16 14:30:41.669 +0800,,101
7467,38366,加工定制,否,,,2024-05-16 14:30:41.669 +0800,2024-05-16 14:30:41.669 +0800,,101
7468,38367,包装规格,单个,,,2024-05-16 14:30:41.669 +0800,2024-05-16 14:30:41.669 +0800,,101
7469,38368,加印LOGO,可以,,,2024-05-16 14:30:41.669 +0800,2024-05-16 14:30:41.669 +0800,,101
7470,38369,贸易属性,内贸,,,2024-05-16 14:30:41.669 +0800,2024-05-16 14:30:41.669 +0800,,101
7471,38370,包装,纸盒,,,2024-05-16 14:30:41.669 +0800,2024-05-16 14:30:41.669 +0800,,101
7472,38371,重量,咨询客服,,,2024-05-16 14:30:41.669 +0800,2024-05-16 14:30:41.669 +0800,,101
7473,38372,等级,一等品,,,2024-05-16 14:30:41.669 +0800,2024-05-16 14:30:41.669 +0800,,101
7474,38373,规格尺寸,"280ML",,,2024-05-16 14:30:41.669 +0800,2024-05-16 14:30:41.669 +0800,,101
7475,38374,主要下游平台,"亚马逊,wish,速卖通,LAZADA",,,2024-05-16 14:30:41.669 +0800,2024-05-16 14:30:41.669 +0800,,101
7476,38375,主要销售地区,"欧洲,南美,北美,东北亚,中东",,,2024-05-16 14:30:41.669 +0800,2024-05-16 14:30:41.669 +0800,,101
7477,38376,有可授权的自有品牌,否,,,2024-05-16 14:30:41.669 +0800,2024-05-16 14:30:41.669 +0800,,101
7478,38377,产品质量等级,优等品,,,2024-05-16 14:30:41.669 +0800,2024-05-16 14:30:41.669 +0800,,101
7479,38378,是否跨境出口专供货源,是,,,2024-05-16 14:30:41.669 +0800,2024-05-16 14:30:41.669 +0800,,101
7480,38379,是否有专利,否,,,2024-05-16 14:30:41.669 +0800,2024-05-16 14:30:41.669 +0800,,101
7481,38380,样式,十二生肖,,,2024-05-16 14:30:41.669 +0800,2024-05-16 14:30:41.669 +0800,,101
7482,38381,版权,无,,,2024-05-16 14:30:41.669 +0800,2024-05-16 14:30:41.669 +0800,,101
7483,38382,风格类型,简约格调,,,2024-05-16 14:30:41.669 +0800,2024-05-16 14:30:41.669 +0800,,101
7484,38383,跨境包裹重量,"0.35kg",,,2024-05-16 14:31:52.245 +0800,2024-05-16 14:31:52.245 +0800,,102
7485,38384,单位重量,"0.35kg",,,2024-05-16 14:31:52.245 +0800,2024-05-16 14:31:52.245 +0800,,102
7486,38385,品牌,贝莱恩,,,2024-05-16 14:31:52.245 +0800,2024-05-16 14:31:52.245 +0800,,102
7487,38386,货号,密胺盘子,,,2024-05-16 14:31:52.245 +0800,2024-05-16 14:31:52.245 +0800,,102
7488,38387,产品类别,密胺圆盘,,,2024-05-16 14:31:52.245 +0800,2024-05-16 14:31:52.245 +0800,,102
7489,38388,材质,密胺、美耐皿,,,2024-05-16 14:31:52.245 +0800,2024-05-16 14:31:52.245 +0800,,102
7490,38389,是否进口,否,,,2024-05-16 14:31:52.245 +0800,2024-05-16 14:31:52.245 +0800,,102
7491,38390,适用人群,通用,,,2024-05-16 14:31:52.245 +0800,2024-05-16 14:31:52.245 +0800,,102
7492,38391,图案,纯色,,,2024-05-16 14:31:52.245 +0800,2024-05-16 14:31:52.245 +0800,,102
7493,38392,风格,现代简约,,,2024-05-16 14:31:52.245 +0800,2024-05-16 14:31:52.245 +0800,,102
7494,38393,形状,圆形,,,2024-05-16 14:31:52.245 +0800,2024-05-16 14:31:52.245 +0800,,102
7495,38394,微波炉,不可用,,,2024-05-16 14:31:52.245 +0800,2024-05-16 14:31:52.245 +0800,,102
7496,38395,适用场景,"酒店,饭菜,喝咖啡,喝茶",,,2024-05-16 14:31:52.245 +0800,2024-05-16 14:31:52.245 +0800,,102
7497,38396,加印LOGO,可以,,,2024-05-16 14:31:52.245 +0800,2024-05-16 14:31:52.245 +0800,,102
7498,38397,加工定制,可以,,,2024-05-16 14:31:52.245 +0800,2024-05-16 14:31:52.245 +0800,,102
7499,38398,产品上市时间,"2017年冬",,,2024-05-16 14:31:52.245 +0800,2024-05-16 14:31:52.245 +0800,,102
7500,38399,价格段,"5-10元",,,2024-05-16 14:31:52.245 +0800,2024-05-16 14:31:52.245 +0800,,102
7501,38400,适用对象,成人,,,2024-05-16 14:31:52.245 +0800,2024-05-16 14:31:52.245 +0800,,102
7502,38401,表面工艺,釉中彩,,,2024-05-16 14:31:52.245 +0800,2024-05-16 14:31:52.245 +0800,,102
7503,38402,是否有专利,否,,,2024-05-16 14:31:52.245 +0800,2024-05-16 14:31:52.245 +0800,,102
7504,38403,颜色,"5寸浅式圆盘,6寸浅式圆盘,6.5寸浅式圆盘,7寸浅式圆盘,8寸浅式圆盘,9寸浅式圆盘,10寸浅式圆盘,11寸浅式圆盘,12寸浅式圆盘,14寸浅式圆盘,16寸浅式圆盘,6寸平盘,7寸平盘,8寸平盘,9寸平盘,10寸平盘,11寸平盘,12寸平盘,14寸平盘,20寸平盘,8寸波浪边圆盘,9寸波浪边圆盘,10寸波浪边圆盘,11寸波浪边圆盘,6寸圆形深碟,7寸圆形深碟,8寸圆形深碟,9寸圆形深碟,10寸圆形深碟",,,2024-05-16 14:31:52.245 +0800,2024-05-16 14:31:52.245 +0800,,102
7505,38404,主要下游平台,"ebay,亚马逊,wish,速卖通,独立站,LAZADA",,,2024-05-16 14:31:52.245 +0800,2024-05-16 14:31:52.245 +0800,,102
7506,38405,主要销售地区,"非洲,欧洲,南美,东南亚,北美,东北亚,中东",,,2024-05-16 14:31:52.245 +0800,2024-05-16 14:31:52.245 +0800,,102
7507,38406,有可授权的自有品牌,是,,,2024-05-16 14:31:52.245 +0800,2024-05-16 14:31:52.245 +0800,,102
7508,38407,产品质量等级,优等品,,,2024-05-16 14:31:52.245 +0800,2024-05-16 14:31:52.245 +0800,,102
7509,38408,是否跨境出口专供货源,是,,,2024-05-16 14:31:52.245 +0800,2024-05-16 14:31:52.245 +0800,,102
7510,38409,规格,A5密胺加厚圆盘,,,2024-05-16 14:31:52.245 +0800,2024-05-16 14:31:52.245 +0800,,102
7511,38410,是否属于礼品,否,,,2024-05-16 14:31:52.245 +0800,2024-05-16 14:31:52.245 +0800,,102
7512,38411,版权,无,,,2024-05-16 14:31:52.245 +0800,2024-05-16 14:31:52.245 +0800,,102
7513,38412,风格类型,简约格调,,,2024-05-16 14:31:52.245 +0800,2024-05-16 14:31:52.245 +0800,,102
7514,38413,材质,不锈钢,,,2024-05-16 14:39:49.824 +0800,2024-05-16 14:39:49.824 +0800,,103
7515,38414,适用对象,成人,,,2024-05-16 14:39:49.824 +0800,2024-05-16 14:39:49.824 +0800,,103
7516,38415,货号,"1010餐具",,,2024-05-16 14:39:49.824 +0800,2024-05-16 14:39:49.824 +0800,,103
7517,38416,加印LOGO,可以,,,2024-05-16 14:39:49.824 +0800,2024-05-16 14:39:49.824 +0800,,103
7518,38417,品牌,西旺五金,,,2024-05-16 14:39:49.824 +0800,2024-05-16 14:39:49.824 +0800,,103
7519,38418,图案,纯色,,,2024-05-16 14:39:49.824 +0800,2024-05-16 14:39:49.824 +0800,,103
7520,38419,贸易属性,内贸,,,2024-05-16 14:39:49.824 +0800,2024-05-16 14:39:49.824 +0800,,103
7521,38420,是否进口,否,,,2024-05-16 14:39:49.824 +0800,2024-05-16 14:39:49.824 +0800,,103
7522,38421,适用送礼场合,"生日,节日,展销会,广告促销,员工福利,周年庆典,商务馈赠,开业典礼,颁奖纪念,公关策划",,,2024-05-16 14:39:49.824 +0800,2024-05-16 14:39:49.824 +0800,,103
7523,38422,产品上市时间,"2021年夏",,,2024-05-16 14:39:49.824 +0800,2024-05-16 14:39:49.824 +0800,,103
7524,38423,价格段,"1-2元",,,2024-05-16 14:39:49.824 +0800,2024-05-16 14:39:49.824 +0800,,103
7525,38424,加工定制,是,,,2024-05-16 14:39:49.824 +0800,2024-05-16 14:39:49.824 +0800,,103
7526,38425,是否有专利,否,,,2024-05-16 14:39:49.824 +0800,2024-05-16 14:39:49.824 +0800,,103
7527,38426,抛光工艺,布轮光（镜面抛光）,,,2024-05-16 14:39:49.824 +0800,2024-05-16 14:39:49.824 +0800,,103
7528,38427,产品类别,勺,,,2024-05-16 14:39:49.824 +0800,2024-05-16 14:39:49.824 +0800,,103
7529,38428,颜色,"咖啡勺,冰勺,1号圆勺,2号圆勺,3号圆勺,4号圆勺,5号圆勺,1号尖勺,2号尖勺,3号尖勺,4号尖勺,5号尖勺,1号叉,2号叉,3号叉,4号叉,5号叉,1号椭圆勺,2号椭圆勺,3号椭圆勺,水果叉,分菜勺",,,2024-05-16 14:39:49.824 +0800,2024-05-16 14:39:49.824 +0800,,103
7530,38429,产品质量等级,合格品,,,2024-05-16 14:39:49.824 +0800,2024-05-16 14:39:49.824 +0800,,103
7531,38430,是否跨境出口专供货源,否,,,2024-05-16 14:39:49.824 +0800,2024-05-16 14:39:49.824 +0800,,103
7532,38431,风格类型,简约格调,,,2024-05-16 14:39:49.824 +0800,2024-05-16 14:39:49.824 +0800,,103
7533,38432,材质,不锈钢,,,2024-05-16 14:41:02.275 +0800,2024-05-16 14:41:02.275 +0800,,103
7534,38433,适用对象,成人,,,2024-05-16 14:41:02.275 +0800,2024-05-16 14:41:02.275 +0800,,103
7535,38434,货号,"1010餐具",,,2024-05-16 14:41:02.275 +0800,2024-05-16 14:41:02.275 +0800,,103
7536,38435,加印LOGO,可以,,,2024-05-16 14:41:02.275 +0800,2024-05-16 14:41:02.275 +0800,,103
7537,38436,品牌,西旺五金,,,2024-05-16 14:41:02.275 +0800,2024-05-16 14:41:02.275 +0800,,103
7538,38437,图案,纯色,,,2024-05-16 14:41:02.275 +0800,2024-05-16 14:41:02.275 +0800,,103
7539,38438,贸易属性,内贸,,,2024-05-16 14:41:02.275 +0800,2024-05-16 14:41:02.275 +0800,,103
7540,38439,是否进口,否,,,2024-05-16 14:41:02.275 +0800,2024-05-16 14:41:02.275 +0800,,103
7541,38440,适用送礼场合,"生日,节日,展销会,广告促销,员工福利,周年庆典,商务馈赠,开业典礼,颁奖纪念,公关策划",,,2024-05-16 14:41:02.275 +0800,2024-05-16 14:41:02.275 +0800,,103
7542,38441,产品上市时间,"2021年夏",,,2024-05-16 14:41:02.275 +0800,2024-05-16 14:41:02.275 +0800,,103
7543,38442,价格段,"1-2元",,,2024-05-16 14:41:02.275 +0800,2024-05-16 14:41:02.275 +0800,,103
7544,38443,加工定制,是,,,2024-05-16 14:41:02.275 +0800,2024-05-16 14:41:02.275 +0800,,103
7545,38444,是否有专利,否,,,2024-05-16 14:41:02.275 +0800,2024-05-16 14:41:02.275 +0800,,103
7546,38445,抛光工艺,布轮光（镜面抛光）,,,2024-05-16 14:41:02.275 +0800,2024-05-16 14:41:02.275 +0800,,103
7547,38446,产品类别,勺,,,2024-05-16 14:41:02.275 +0800,2024-05-16 14:41:02.275 +0800,,103
7548,38447,颜色,"咖啡勺,冰勺,1号圆勺,2号圆勺,3号圆勺,4号圆勺,5号圆勺,1号尖勺,2号尖勺,3号尖勺,4号尖勺,5号尖勺,1号叉,2号叉,3号叉,4号叉,5号叉,1号椭圆勺,2号椭圆勺,3号椭圆勺,水果叉,分菜勺",,,2024-05-16 14:41:02.275 +0800,2024-05-16 14:41:02.275 +0800,,103
7549,38448,产品质量等级,合格品,,,2024-05-16 14:41:02.275 +0800,2024-05-16 14:41:02.275 +0800,,103
7550,38449,是否跨境出口专供货源,否,,,2024-05-16 14:41:02.275 +0800,2024-05-16 14:41:02.275 +0800,,103
7551,38450,风格类型,简约格调,,,2024-05-16 14:41:02.275 +0800,2024-05-16 14:41:02.275 +0800,,103
7573,38472,材质,不锈钢,,,2024-05-16 14:42:15.847 +0800,2024-05-16 14:42:15.847 +0800,,103
7574,38473,适用对象,成人,,,2024-05-16 14:42:15.847 +0800,2024-05-16 14:42:15.847 +0800,,103
7575,38474,货号,"1010餐具",,,2024-05-16 14:42:15.847 +0800,2024-05-16 14:42:15.847 +0800,,103
7576,38475,加印LOGO,可以,,,2024-05-16 14:42:15.847 +0800,2024-05-16 14:42:15.847 +0800,,103
7577,38476,品牌,西旺五金,,,2024-05-16 14:42:15.847 +0800,2024-05-16 14:42:15.847 +0800,,103
7578,38477,图案,纯色,,,2024-05-16 14:42:15.847 +0800,2024-05-16 14:42:15.847 +0800,,103
7579,38478,贸易属性,内贸,,,2024-05-16 14:42:15.847 +0800,2024-05-16 14:42:15.847 +0800,,103
7580,38479,是否进口,否,,,2024-05-16 14:42:15.847 +0800,2024-05-16 14:42:15.847 +0800,,103
7581,38480,适用送礼场合,"生日,节日,展销会,广告促销,员工福利,周年庆典,商务馈赠,开业典礼,颁奖纪念,公关策划",,,2024-05-16 14:42:15.847 +0800,2024-05-16 14:42:15.847 +0800,,103
7582,38481,产品上市时间,"2021年夏",,,2024-05-16 14:42:15.847 +0800,2024-05-16 14:42:15.847 +0800,,103
7583,38482,价格段,"1-2元",,,2024-05-16 14:42:15.847 +0800,2024-05-16 14:42:15.847 +0800,,103
7584,38483,加工定制,是,,,2024-05-16 14:42:15.847 +0800,2024-05-16 14:42:15.847 +0800,,103
7585,38484,是否有专利,否,,,2024-05-16 14:42:15.847 +0800,2024-05-16 14:42:15.847 +0800,,103
7586,38485,抛光工艺,布轮光（镜面抛光）,,,2024-05-16 14:42:15.847 +0800,2024-05-16 14:42:15.847 +0800,,103
7587,38486,产品类别,勺,,,2024-05-16 14:42:15.847 +0800,2024-05-16 14:42:15.847 +0800,,103
7588,38487,颜色,"咖啡勺,冰勺,1号圆勺,2号圆勺,3号圆勺,4号圆勺,5号圆勺,1号尖勺,2号尖勺,3号尖勺,4号尖勺,5号尖勺,1号叉,2号叉,3号叉,4号叉,5号叉,1号椭圆勺,2号椭圆勺,3号椭圆勺,水果叉,分菜勺",,,2024-05-16 14:42:15.847 +0800,2024-05-16 14:42:15.847 +0800,,103
7589,38488,产品质量等级,合格品,,,2024-05-16 14:42:15.847 +0800,2024-05-16 14:42:15.847 +0800,,103
7590,38489,是否跨境出口专供货源,否,,,2024-05-16 14:42:15.847 +0800,2024-05-16 14:42:15.847 +0800,,103
7591,38490,风格类型,简约格调,,,2024-05-16 14:42:15.847 +0800,2024-05-16 14:42:15.847 +0800,,103
7592,38491,跨境包裹重量,"0.2kg",,,2024-05-16 14:44:46.177 +0800,2024-05-16 14:44:46.177 +0800,,105
7593,38492,单位重量,"0.2kg",,,2024-05-16 14:44:46.177 +0800,2024-05-16 14:44:46.177 +0800,,105
7594,38493,产品体积,"30cm * 30cm * 30cm",,,2024-05-16 14:44:46.177 +0800,2024-05-16 14:44:46.177 +0800,,105
7595,38494,品牌,扬格,,,2024-05-16 14:44:46.177 +0800,2024-05-16 14:44:46.177 +0800,,105
7596,38495,是否进口,否,,,2024-05-16 14:44:46.177 +0800,2024-05-16 14:44:46.177 +0800,,105
7597,38496,产品类别,碗,,,2024-05-16 14:44:46.177 +0800,2024-05-16 14:44:46.177 +0800,,105
7598,38497,货号,白色面碗,,,2024-05-16 14:44:46.177 +0800,2024-05-16 14:44:46.177 +0800,,105
7599,38498,材质,密胺、美耐皿,,,2024-05-16 14:44:46.177 +0800,2024-05-16 14:44:46.177 +0800,,105
7600,38499,适用人群,成人,,,2024-05-16 14:44:46.177 +0800,2024-05-16 14:44:46.177 +0800,,105
7601,38500,图案,纯色,,,2024-05-16 14:44:46.177 +0800,2024-05-16 14:44:46.177 +0800,,105
7602,38501,风格,现代简约,,,2024-05-16 14:44:46.177 +0800,2024-05-16 14:44:46.177 +0800,,105
7603,38502,形状,圆形,,,2024-05-16 14:44:46.177 +0800,2024-05-16 14:44:46.177 +0800,,105
7604,38503,微波炉,不可用,,,2024-05-16 14:44:46.177 +0800,2024-05-16 14:44:46.177 +0800,,105
7605,38504,适用场景,"酒店,饭菜,其他",,,2024-05-16 14:44:46.177 +0800,2024-05-16 14:44:46.177 +0800,,105
7606,38505,加印LOGO,可以,,,2024-05-16 14:44:46.177 +0800,2024-05-16 14:44:46.177 +0800,,105
7607,38506,加工定制,否,,,2024-05-16 14:44:46.177 +0800,2024-05-16 14:44:46.177 +0800,,105
7608,38507,产品上市时间,"2020年秋",,,2024-05-16 14:44:46.177 +0800,2024-05-16 14:44:46.177 +0800,,105
7609,38508,价格段,"5-10元",,,2024-05-16 14:44:46.177 +0800,2024-05-16 14:44:46.177 +0800,,105
7610,38509,适用对象,成人,,,2024-05-16 14:44:46.177 +0800,2024-05-16 14:44:46.177 +0800,,105
7611,38510,表面工艺,亚光釉,,,2024-05-16 14:44:46.177 +0800,2024-05-16 14:44:46.177 +0800,,105
7612,38511,是否有专利,无,,,2024-05-16 14:44:46.177 +0800,2024-05-16 14:44:46.177 +0800,,105
7613,38512,颜色,"3307(7寸面碗),345/185(4.5寸韩式碗),355/186(5.5寸韩式碗),365/187(6.5寸韩式碗),370(7寸韩式碗),375/188(7.5寸韩式碗),114(4.5寸圆碗)玉瓷,115(5寸圆碗)玉瓷,115-1(5.5寸圆碗)玉瓷,116(6寸圆碗)玉瓷,117(7寸圆碗)玉瓷,118(7.5寸圆碗)玉瓷,119(8寸圆碗)玉瓷,120(8.5寸圆碗)玉瓷,D5005(5寸直边碗)玉瓷,D5006(6寸直边碗)玉瓷,D5007(7寸直边碗)玉瓷,3145(4.5寸莲花碗)玉瓷,B560(6寸扣碗)玉瓷,M0143(7寸扣碗)玉瓷,551(4.5寸花型碗)玉瓷,553(6寸花型碗)玉瓷,24604(4.75寸斜纹碗),558(11寸花型碗)玉瓷,1376(6寸粗螺纹碗)玉瓷,2078(7寸螺纹碗)玉瓷,B680(8寸螺纹碗)玉瓷,2066(6寸螺纹碗)玉瓷,2068(7.5寸螺纹碗)玉瓷,2088(8寸螺纹碗)玉瓷,A5006(6寸横纹面碗),YG142011(7.5寸多边螺纹碗),YG142010(6.5寸多边螺纹碗),YG142008(4.5寸多边螺纹碗),YG142009(5.5寸多边螺纹碗)",,,2024-05-16 14:44:46.177 +0800,2024-05-16 14:44:46.177 +0800,,105
7614,38513,产品质量等级,一等品,,,2024-05-16 14:44:46.177 +0800,2024-05-16 14:44:46.177 +0800,,105
7615,38514,是否跨境出口专供货源,否,,,2024-05-16 14:44:46.177 +0800,2024-05-16 14:44:46.177 +0800,,105
7616,38515,规格,白,,,2024-05-16 14:44:46.177 +0800,2024-05-16 14:44:46.177 +0800,,105
7617,38516,是否属于礼品,否,,,2024-05-16 14:44:46.177 +0800,2024-05-16 14:44:46.177 +0800,,105
7618,38517,适用节日,节日通用,,,2024-05-16 14:44:46.177 +0800,2024-05-16 14:44:46.177 +0800,,105
7619,38518,贸易属性,内贸,,,2024-05-16 14:44:46.177 +0800,2024-05-16 14:44:46.177 +0800,,105
7620,38519,风格类型,null,,,2024-05-16 14:44:46.177 +0800,2024-05-16 14:44:46.177 +0800,,105
7621,38520,商家编码,"781",,,2024-05-16 14:44:46.177 +0800,2024-05-16 14:44:46.177 +0800,,105
7622,38521,一次性用品,否,,,2024-05-16 14:44:46.177 +0800,2024-05-16 14:44:46.177 +0800,,105
7623,38522,形状,条形,,,2024-05-16 14:57:15.684 +0800,2024-05-16 14:57:15.684 +0800,,106
7624,38523,是否一般纳税人,否,,,2024-05-16 14:57:15.684 +0800,2024-05-16 14:57:15.684 +0800,,106
7625,38524,材质,板式,,,2024-05-16 14:57:15.684 +0800,2024-05-16 14:57:15.684 +0800,,106
7626,38525,认证,无,,,2024-05-16 14:57:15.684 +0800,2024-05-16 14:57:15.684 +0800,,106
7627,38526,品牌,其他,,,2024-05-16 14:57:15.684 +0800,2024-05-16 14:57:15.684 +0800,,106
7628,38527,货号,JX-A15S,,,2024-05-16 14:57:15.684 +0800,2024-05-16 14:57:15.684 +0800,,106
7629,38528,风格,现代简约,,,2024-05-16 14:57:15.684 +0800,2024-05-16 14:57:15.684 +0800,,106
7630,38529,型号,JX-A15S,,,2024-05-16 14:57:15.684 +0800,2024-05-16 14:57:15.684 +0800,,106
7631,38530,颜色,"100CM(单抽+主机位)深胡桃色,100CM（四抽）深胡桃色,120CM(四抽+主机位)田园橡木色,120CM(四抽+主机位)深胡桃色,120CM（五抽+一门）田园橡木色,120CM（五抽+一门）深胡桃色,140CM(四抽+主机位)田园橡木色,140CM(四抽+主机位)深胡桃色,140CM（五抽+一门）田园橡木色,140CM（五抽+一门）深胡桃色,【组合装】100CM（四抽）深胡桃色+电脑椅,【组合装】120CM(四抽+主机位)橡胶木色+电脑椅,【组合装】120CM(四抽+主机位)深胡桃色+电脑椅,【组合装】120CM（五抽+一门）橡胶木色+电脑椅,【组合装】120CM（五抽+一门）深胡桃色+电脑椅,【组合装】140CM(四抽+主机位)橡胶木色+电脑椅,【组合装】140CM(四抽+主机位)深胡桃色+电脑椅,【组合装】140CM（五抽+一门）橡胶木色+电脑椅,【组合装】140CM（五抽+一门）深胡桃色+电脑椅",,,2024-05-16 14:57:15.684 +0800,2024-05-16 14:57:15.684 +0800,,106
7632,38531,可否定做,可以,,,2024-05-16 14:57:15.684 +0800,2024-05-16 14:57:15.684 +0800,,106
7633,38532,五金配件说明,五金配件包,,,2024-05-16 14:57:15.684 +0800,2024-05-16 14:57:15.684 +0800,,106
7634,38533,空间,"书房,商用场所,20522372018",,,2024-05-16 14:57:15.684 +0800,2024-05-16 14:57:15.684 +0800,,106
7635,38534,是否配送上门,送货至提货点,,,2024-05-16 14:57:15.684 +0800,2024-05-16 14:57:15.684 +0800,,106
7636,38535,是否提供安装服务,否,,,2024-05-16 14:57:15.684 +0800,2024-05-16 14:57:15.684 +0800,,106
7637,38536,适用人数,单人,,,2024-05-16 14:57:15.684 +0800,2024-05-16 14:57:15.684 +0800,,106
7638,38537,认证,无,,,2024-05-16 15:05:01.840 +0800,2024-05-16 15:05:01.840 +0800,,107
7639,38538,是否一般纳税人,是,,,2024-05-16 15:05:01.840 +0800,2024-05-16 15:05:01.840 +0800,,107
7640,38539,材质,尼龙,,,2024-05-16 15:05:01.840 +0800,2024-05-16 15:05:01.840 +0800,,107
7641,38540,品牌,其他,,,2024-05-16 15:05:01.840 +0800,2024-05-16 15:05:01.840 +0800,,107
7642,38541,货号,"580680108670",,,2024-05-16 15:05:01.840 +0800,2024-05-16 15:05:01.840 +0800,,107
7643,38542,风格,北欧,,,2024-05-16 15:05:01.840 +0800,2024-05-16 15:05:01.840 +0800,,107
7644,38543,框架,尼龙,,,2024-05-16 15:05:01.840 +0800,2024-05-16 15:05:01.840 +0800,,107
7645,38544,规格,"3D头枕至尊黑黑,3D头枕神秘白黑,3D头枕优雅白灰,3D头枕至尊黑黑+透气乳胶坐垫,3D头枕神秘白黑+透气乳胶坐垫,3D头枕优雅白灰+透气乳胶坐垫,3D头枕至尊黑黑+透气乳胶坐垫+逍遥,3D头枕神秘白黑+透气乳胶坐垫+逍遥,3D头枕优雅白灰+透气乳胶坐垫+逍遥,3D头枕至尊黑黑+乳胶坐垫+三级气杆,3D头枕神秘白黑+乳胶坐垫+三级气杆,3D头枕优雅白灰+乳胶坐垫+三级气杆,3D头黑黑+乳胶坐垫+逍遥+三级气杆,3D头白黑+乳胶坐垫+逍遥+三级气杆,3D头白灰+乳胶坐垫+逍遥+三级气杆,至尊黑黑,神秘白黑,优雅白灰,至尊黑黑+透气乳胶坐垫,神秘白黑+透气乳胶坐垫,优雅白灰+透气乳胶坐垫,至尊黑黑+透气乳胶坐垫+舒服逍遥,神秘白黑+透气乳胶坐垫+舒服逍遥,优雅白灰+透气乳胶坐垫+舒服逍遥,至尊黑黑+透气乳胶坐垫+三级气杆,神秘白黑+透气乳胶坐垫+三级气杆,优雅白灰+透气乳胶坐垫+三级气杆,至尊黑黑+乳胶坐垫+逍遥+三级气杆,神秘白黑+乳胶坐垫+逍遥+三级气杆,优雅白灰+乳胶坐垫+逍遥+三级气杆",,,2024-05-16 15:05:01.840 +0800,2024-05-16 15:05:01.840 +0800,,107
7646,38545,颜色,"尼龙脚,钢脚",,,2024-05-16 15:05:01.840 +0800,2024-05-16 15:05:01.840 +0800,,107
7647,38546,扶手类型,旋转升降扶手,,,2024-05-16 15:05:01.840 +0800,2024-05-16 15:05:01.840 +0800,,107
7648,38547,空间,书房,,,2024-05-16 15:05:01.840 +0800,2024-05-16 15:05:01.840 +0800,,107
7649,38548,是否配送上门,送货至楼下,,,2024-05-16 15:05:01.840 +0800,2024-05-16 15:05:01.840 +0800,,107
7650,38549,是否提供安装服务,是,,,2024-05-16 15:05:01.840 +0800,2024-05-16 15:05:01.840 +0800,,107
7651,38550,功能,旋转,,,2024-05-16 15:05:01.840 +0800,2024-05-16 15:05:01.840 +0800,,107
14756,44404,单位重量,"0.5kg",,,2024-05-23 17:50:16.924 +0800,2024-05-23 17:50:16.924 +0800,,379
14757,44405,货号,ZJCP0836,,,2024-05-23 17:50:16.924 +0800,2024-05-23 17:50:16.924 +0800,,379
14758,44406,是否进口,否,,,2024-05-23 17:50:16.924 +0800,2024-05-23 17:50:16.924 +0800,,379
14759,44407,材质,竹制,,,2024-05-23 17:50:16.924 +0800,2024-05-23 17:50:16.924 +0800,,379
14760,44408,品牌,森润,,,2024-05-23 17:50:16.924 +0800,2024-05-23 17:50:16.924 +0800,,379
14761,44409,是否有包装,是,,,2024-05-23 17:50:16.924 +0800,2024-05-23 17:50:16.924 +0800,,379
14762,44410,包装,纸盒,,,2024-05-23 17:50:16.924 +0800,2024-05-23 17:50:16.924 +0800,,379
14763,44411,价格段,"20-30元",,,2024-05-23 17:50:16.924 +0800,2024-05-23 17:50:16.924 +0800,,379
14764,44412,产品上市时间,"2023年夏",,,2024-05-23 17:50:16.924 +0800,2024-05-23 17:50:16.924 +0800,,379
14765,44413,是否支持加工定制,否,,,2024-05-23 17:50:16.924 +0800,2024-05-23 17:50:16.924 +0800,,379
14766,44414,重量(含包装),"1KG",,,2024-05-23 17:50:16.924 +0800,2024-05-23 17:50:16.924 +0800,,379
14767,44415,装箱数,"40",,,2024-05-23 17:50:16.924 +0800,2024-05-23 17:50:16.924 +0800,,379
14768,44416,颜色,"25*14*4胡桃木色托盘,29*20*4胡桃木色托盘,33*22*4胡桃木色托盘,35*25*4胡桃木色托盘,35*25*4原木色托盘,38*26*4胡桃木色托盘,44*30*4胡桃木色托盘,52*34*4胡桃木色托盘,33*22*3.5原木色茶点盘,33*22*3.5胡桃木色茶点盘,28.4*20*3.8胡桃木色托盘（弧形边缘）,33*22.5*3.8胡桃木色托盘（弧形边缘）,37*25.4*4.4胡桃木色托盘（弧形边缘）",,,2024-05-23 17:50:16.924 +0800,2024-05-23 17:50:16.924 +0800,,379
14769,44417,产品质量等级,优等品,,,2024-05-23 17:50:16.924 +0800,2024-05-23 17:50:16.924 +0800,,379
14770,44418,风格,国潮风,,,2024-05-23 17:50:16.924 +0800,2024-05-23 17:50:16.924 +0800,,379
14771,44419,是否有专利,否,,,2024-05-23 17:50:16.924 +0800,2024-05-23 17:50:16.924 +0800,,379
14772,44420,风格类型,新中式,,,2024-05-23 17:50:16.924 +0800,2024-05-23 17:50:16.924 +0800,,379
15191,44593,单位重量,"1kg",,,2024-05-24 09:58:56.822 +0800,2024-05-24 09:58:56.822 +0800,,391
15192,44594,货号,ltao1000609022,,,2024-05-24 09:58:56.822 +0800,2024-05-24 09:58:56.822 +0800,,391
15193,44595,产品类别,其他,,,2024-05-24 09:58:56.822 +0800,2024-05-24 09:58:56.822 +0800,,391
15194,44596,材质,木,,,2024-05-24 09:58:56.822 +0800,2024-05-24 09:58:56.822 +0800,,391
15195,44597,图案,纯色,,,2024-05-24 09:58:56.822 +0800,2024-05-24 09:58:56.822 +0800,,391
15196,44598,风格,日式,,,2024-05-24 09:58:56.822 +0800,2024-05-24 09:58:56.822 +0800,,391
15197,44599,形状,长方形,,,2024-05-24 09:58:56.822 +0800,2024-05-24 09:58:56.822 +0800,,391
15198,44600,适用场景,其他,,,2024-05-24 09:58:56.822 +0800,2024-05-24 09:58:56.822 +0800,,391
15199,44601,适用送礼场合,广告促销,,,2024-05-24 09:58:56.822 +0800,2024-05-24 09:58:56.822 +0800,,391
15200,44602,产品上市时间,其他,,,2024-05-24 09:58:56.822 +0800,2024-05-24 09:58:56.822 +0800,,391
15201,44603,适用对象,通用,,,2024-05-24 09:58:56.822 +0800,2024-05-24 09:58:56.822 +0800,,391
15202,44604,表面工艺,其他,,,2024-05-24 09:58:56.822 +0800,2024-05-24 09:58:56.822 +0800,,391
15203,44605,是否有专利,否,,,2024-05-24 09:58:56.822 +0800,2024-05-24 09:58:56.822 +0800,,391
15204,44606,颜色,"全竹托盘 支持刻字刻logo,胡桃色30*20*2cm(无提手）,胡桃色36*25*2cm(无提手）,胡桃色双耳30*20*2cm（带提手）,胡桃色双耳35.5*23.5*2cm（带提手,胡桃色双耳40*30*2cm（带提手",,,2024-05-24 09:58:56.822 +0800,2024-05-24 09:58:56.822 +0800,,391
15205,44607,是否属于礼品,是，个人礼品,,,2024-05-24 09:58:56.822 +0800,2024-05-24 09:58:56.822 +0800,,391
15206,44608,适用送礼关系,亲戚,,,2024-05-24 09:58:56.822 +0800,2024-05-24 09:58:56.822 +0800,,391
15207,44609,送礼用途,个人礼品,,,2024-05-24 09:58:56.822 +0800,2024-05-24 09:58:56.822 +0800,,391
15208,44610,风格类型,简约格调,,,2024-05-24 09:58:56.822 +0800,2024-05-24 09:58:56.822 +0800,,391
15209,44611,单位重量,"1kg",,,2024-05-24 11:03:35.725 +0800,2024-05-24 11:03:35.725 +0800,,391
15210,44612,货号,ltao1000609022,,,2024-05-24 11:03:35.725 +0800,2024-05-24 11:03:35.725 +0800,,391
15211,44613,产品类别,其他,,,2024-05-24 11:03:35.725 +0800,2024-05-24 11:03:35.725 +0800,,391
15212,44614,材质,木,,,2024-05-24 11:03:35.725 +0800,2024-05-24 11:03:35.725 +0800,,391
15213,44615,图案,纯色,,,2024-05-24 11:03:35.725 +0800,2024-05-24 11:03:35.725 +0800,,391
15214,44616,风格,日式,,,2024-05-24 11:03:35.725 +0800,2024-05-24 11:03:35.725 +0800,,391
15215,44617,形状,长方形,,,2024-05-24 11:03:35.725 +0800,2024-05-24 11:03:35.725 +0800,,391
15216,44618,适用场景,其他,,,2024-05-24 11:03:35.725 +0800,2024-05-24 11:03:35.725 +0800,,391
15217,44619,适用送礼场合,广告促销,,,2024-05-24 11:03:35.725 +0800,2024-05-24 11:03:35.725 +0800,,391
15218,44620,产品上市时间,其他,,,2024-05-24 11:03:35.725 +0800,2024-05-24 11:03:35.725 +0800,,391
15219,44621,适用对象,通用,,,2024-05-24 11:03:35.725 +0800,2024-05-24 11:03:35.725 +0800,,391
15220,44622,表面工艺,其他,,,2024-05-24 11:03:35.725 +0800,2024-05-24 11:03:35.725 +0800,,391
15221,44623,是否有专利,否,,,2024-05-24 11:03:35.725 +0800,2024-05-24 11:03:35.725 +0800,,391
15222,44624,颜色,"全竹托盘 支持刻字刻logo,胡桃色30*20*2cm(无提手）,胡桃色36*25*2cm(无提手）,胡桃色双耳30*20*2cm（带提手）,胡桃色双耳35.5*23.5*2cm（带提手,胡桃色双耳40*30*2cm（带提手",,,2024-05-24 11:03:35.725 +0800,2024-05-24 11:03:35.725 +0800,,391
15223,44625,是否属于礼品,是，个人礼品,,,2024-05-24 11:03:35.725 +0800,2024-05-24 11:03:35.725 +0800,,391
15224,44626,适用送礼关系,亲戚,,,2024-05-24 11:03:35.725 +0800,2024-05-24 11:03:35.725 +0800,,391
15225,44627,送礼用途,个人礼品,,,2024-05-24 11:03:35.725 +0800,2024-05-24 11:03:35.725 +0800,,391
15226,44628,风格类型,简约格调,,,2024-05-24 11:03:35.725 +0800,2024-05-24 11:03:35.725 +0800,,391
17334,46457,单位重量,"1kg",,,2024-05-28 12:33:34.975 +0800,2024-05-28 12:33:34.975 +0800,,478
17335,46458,品牌,沃尔蓝,,,2024-05-28 12:33:34.975 +0800,2024-05-28 12:33:34.975 +0800,,478
17336,46459,货号,"2222189888",,,2024-05-28 12:33:34.975 +0800,2024-05-28 12:33:34.975 +0800,,478
17337,46460,产品类别,餐具盘,,,2024-05-28 12:33:34.975 +0800,2024-05-28 12:33:34.975 +0800,,478
17338,46461,材质,小麦秸秆,,,2024-05-28 12:33:34.975 +0800,2024-05-28 12:33:34.975 +0800,,478
17339,46462,是否进口,否,,,2024-05-28 12:33:34.975 +0800,2024-05-28 12:33:34.975 +0800,,478
17340,46463,适用人群,通用,,,2024-05-28 12:33:34.975 +0800,2024-05-28 12:33:34.975 +0800,,478
17341,46464,图案,纯色,,,2024-05-28 12:33:34.975 +0800,2024-05-28 12:33:34.975 +0800,,478
17342,46465,风格,北欧风,,,2024-05-28 12:33:34.975 +0800,2024-05-28 12:33:34.975 +0800,,478
17343,46466,形状,不规则形,,,2024-05-28 12:33:34.975 +0800,2024-05-28 12:33:34.975 +0800,,478
17344,46467,微波炉,可用,,,2024-05-28 12:33:34.975 +0800,2024-05-28 12:33:34.975 +0800,,478
17345,46468,适用场景,"饭菜,喝咖啡,喝茶,其他",,,2024-05-28 12:33:34.975 +0800,2024-05-28 12:33:34.975 +0800,,478
17346,46469,适用送礼场合,"其它,婚庆,生日,家居,通用,母亲节,感恩节,礼品,户外运动,商务礼品,万圣节,节日,毕业,乔迁,答谢客户,展销会,广告促销,员工福利,周年庆典,商务馈赠,开业典礼,会议庆典,颁奖纪念,公关策划,颁奖留念,探病慰问,其他",,,2024-05-28 12:33:34.975 +0800,2024-05-28 12:33:34.975 +0800,,478
17347,46470,加印LOGO,可以,,,2024-05-28 12:33:34.975 +0800,2024-05-28 12:33:34.975 +0800,,478
17348,46471,加工定制,可以,,,2024-05-28 12:33:34.975 +0800,2024-05-28 12:33:34.975 +0800,,478
17349,46472,产品上市时间,"2023",,,2024-05-28 12:33:34.975 +0800,2024-05-28 12:33:34.975 +0800,,478
17350,46473,价格段,"5元以内",,,2024-05-28 12:33:34.975 +0800,2024-05-28 12:33:34.975 +0800,,478
17351,46474,适用对象,通用,,,2024-05-28 12:33:34.975 +0800,2024-05-28 12:33:34.975 +0800,,478
17352,46475,表面工艺,手绘,,,2024-05-28 12:33:34.975 +0800,2024-05-28 12:33:34.975 +0800,,478
17353,46476,是否有专利,否,,,2024-05-28 12:33:34.975 +0800,2024-05-28 12:33:34.975 +0800,,478
17354,46477,颜色,"跨境专供 20cm盘【马卡龙色系】8个装带盒子,跨境专供 23cm盘【马卡龙色系】8个装带盒子,跨境专供 25cm盘【马卡龙色系】8个装带盒子,跨境专供 分格盘【马卡龙色系】单个装1.8,跨境专供 方形饺子盘【马卡龙色系】单个装,跨境专供 贝壳盘【马卡龙色系】单个装",,,2024-05-28 12:33:34.975 +0800,2024-05-28 12:33:34.975 +0800,,478
17355,46478,直径,"18-18.9cm",,,2024-05-28 12:33:34.975 +0800,2024-05-28 12:33:34.975 +0800,,478
17356,46479,主要下游平台,"亚马逊,wish,速卖通,独立站,LAZADA,其他",,,2024-05-28 12:33:34.975 +0800,2024-05-28 12:33:34.975 +0800,,478
17357,46480,主要销售地区,"欧洲,南美,东南亚,北美,东北亚,中东,其他",,,2024-05-28 12:33:34.975 +0800,2024-05-28 12:33:34.975 +0800,,478
17358,46481,产品质量等级,一等品,,,2024-05-28 12:33:34.975 +0800,2024-05-28 12:33:34.975 +0800,,478
17359,46482,是否跨境出口专供货源,是,,,2024-05-28 12:33:34.975 +0800,2024-05-28 12:33:34.975 +0800,,478
17360,46483,是否属于礼品,是，商务礼品,,,2024-05-28 12:33:34.975 +0800,2024-05-28 12:33:34.975 +0800,,478
17361,46484,适用送礼关系,"晚辈,情侣,夫妻,同事,朋友,长辈,孩子,客户,亲戚,同学,恩师,其他",,,2024-05-28 12:33:34.975 +0800,2024-05-28 12:33:34.975 +0800,,478
17362,46485,送礼用途,"商务送礼,广告礼品,促销赠品,会议礼品,广告促销,福利礼品,节庆送礼,节庆礼品,嘉奖纪念,嘉奖礼品,会议送礼,公关礼品,个人礼品,其他",,,2024-05-28 12:33:34.975 +0800,2024-05-28 12:33:34.975 +0800,,478
17363,46486,适用节日,"祝福,友情,圣诞节,感恩节,中秋节,其它节日,元旦,七夕,爱意表达,复活节,圣诞装饰,妇女节,愚人节,结婚纪念日,婚庆挂饰,妇女节，元旦",,,2024-05-28 12:33:34.975 +0800,2024-05-28 12:33:34.975 +0800,,478
17364,46487,版权,无,,,2024-05-28 12:33:34.975 +0800,2024-05-28 12:33:34.975 +0800,,478
17365,46488,风格类型,简约格调,,,2024-05-28 12:33:34.975 +0800,2024-05-28 12:33:34.975 +0800,,478
17465,46588,是否进口,否,,,2024-05-28 14:19:31.629 +0800,2024-05-28 14:19:31.629 +0800,,483
17466,46589,货号,"8896",,,2024-05-28 14:19:31.629 +0800,2024-05-28 14:19:31.629 +0800,,483
17467,46590,材质,小麦秸秆,,,2024-05-28 14:19:31.629 +0800,2024-05-28 14:19:31.629 +0800,,483
17468,46591,微波炉,可用,,,2024-05-28 14:19:31.629 +0800,2024-05-28 14:19:31.629 +0800,,483
17469,46592,风格,现代简约,,,2024-05-28 14:19:31.629 +0800,2024-05-28 14:19:31.629 +0800,,483
17470,46593,图案,纯色,,,2024-05-28 14:19:31.629 +0800,2024-05-28 14:19:31.629 +0800,,483
17471,46594,表面工艺,手绘,,,2024-05-28 14:19:31.629 +0800,2024-05-28 14:19:31.629 +0800,,483
17472,46595,适用送礼场合,"婚庆,生日,节日,乔迁,展销会,广告促销,员工福利,周年庆典,商务馈赠,开业典礼,颁奖纪念,公关策划,其他",,,2024-05-28 14:19:31.629 +0800,2024-05-28 14:19:31.629 +0800,,483
17473,46596,加印LOGO,可以,,,2024-05-28 14:19:31.629 +0800,2024-05-28 14:19:31.629 +0800,,483
17474,46597,加工定制,是,,,2024-05-28 14:19:31.629 +0800,2024-05-28 14:19:31.629 +0800,,483
17475,46598,装箱数,"4",,,2024-05-28 14:19:31.629 +0800,2024-05-28 14:19:31.629 +0800,,483
17476,46599,产品上市时间,"2023",,,2024-05-28 14:19:31.629 +0800,2024-05-28 14:19:31.629 +0800,,483
17477,46600,价格段,"20-30元",,,2024-05-28 14:19:31.629 +0800,2024-05-28 14:19:31.629 +0800,,483
17478,46601,包装,套装,,,2024-05-28 14:19:31.629 +0800,2024-05-28 14:19:31.629 +0800,,483
17479,46602,是否支持订制,是,,,2024-05-28 14:19:31.629 +0800,2024-05-28 14:19:31.629 +0800,,483
17480,46603,适用对象,成人,,,2024-05-28 14:19:31.629 +0800,2024-05-28 14:19:31.629 +0800,,483
17481,46604,是否有专利,无,,,2024-05-28 14:19:31.629 +0800,2024-05-28 14:19:31.629 +0800,,483
17482,46605,套件数量,其他,,,2024-05-28 14:19:31.629 +0800,2024-05-28 14:19:31.629 +0800,,483
17483,46606,产品质量等级,一等品,,,2024-05-28 14:19:31.629 +0800,2024-05-28 14:19:31.629 +0800,,483
17484,46607,是否跨境出口专供货源,否,,,2024-05-28 14:19:31.629 +0800,2024-05-28 14:19:31.629 +0800,,483
17485,46608,规格,"混色4人份28件套（盘碗杯 刀叉勺）,米色4人份28件套（盘碗杯 刀叉勺）,白色4人份28件套（盘碗杯 刀叉勺）,浅灰色4人份28件套（盘碗杯 刀叉勺）,深灰色4人份28件套（盘碗杯 刀叉勺）,黑色4人份28件套（盘碗杯 刀叉勺）,深蓝色4人份28件套（盘碗杯 刀叉勺）,混色4人份32件套（盘碗杯 碟 刀叉勺）,黑色 4人份32件套（盘碗杯 碟 刀叉勺）,浅灰色 4人份32件套（盘碗杯 碟 刀叉勺）,白色 4人份32件套（盘碗杯 碟 刀叉勺）,深灰色 4人份32件套（盘碗杯 碟 刀叉勺）",,,2024-05-28 14:19:31.629 +0800,2024-05-28 14:19:31.629 +0800,,483
17486,46609,适用送礼关系,"晚辈,同事,朋友,长辈,同学,恩师,其他",,,2024-05-28 14:19:31.629 +0800,2024-05-28 14:19:31.629 +0800,,483
17487,46610,适用节日,"圣诞节,春节,父亲节,母亲节,教师节,元旦,万圣节,复活节,国庆节,妇女节,其他",,,2024-05-28 14:19:31.629 +0800,2024-05-28 14:19:31.629 +0800,,483
17488,46611,送礼用途,"积分换购礼品,商务送礼,商务礼品,广告礼品,促销赠品,会议礼品,广告促销,福利礼品,节庆送礼,节庆礼品,嘉奖纪念,会议送礼,公关礼品,其他",,,2024-05-28 14:19:31.629 +0800,2024-05-28 14:19:31.629 +0800,,483
17489,46612,是否属于礼品,是，商务礼品,,,2024-05-28 14:19:31.629 +0800,2024-05-28 14:19:31.629 +0800,,483
17490,46613,版权,无,,,2024-05-28 14:19:31.629 +0800,2024-05-28 14:19:31.629 +0800,,483
17491,46614,风格,简约,,,2024-05-28 14:19:31.629 +0800,2024-05-28 14:19:31.629 +0800,,483
17492,46615,风格类型,简约格调,,,2024-05-28 14:19:31.629 +0800,2024-05-28 14:19:31.629 +0800,,483
